workclass,fnlwgt,education,education.num,marital.status,relationship,race,sex,capital.loss,hours.per.week,income
 Private,17254.889, HS-grad,9.0, Married-civ-spouse, Not-in-family, White, Male,0.0,40.0, <=50K
 Private,597836.25, HS-grad,9.0, Divorced, Unmarried, White, Female,0.0,40.0, <=50K
 Private,268869.88, Bachelors,13.0, Never-married, Not-in-family, White, Female,0.0,30.0, <=50K
 Private,207342.67, HS-grad,9.0, Married-civ-spouse, Husband, White, Male,0.0,45.0, <=50K
 Private,73070.99, Some-college,10.0, Married-civ-spouse, Husband, White, Male,0.0,40.0, <=50K
 Private,190357.5, Doctorate,4.0, Never-married, Not-in-family, White, Male,0.0,40.0, <=50K
 Private,202699.3, Some-college,13.0, Never-married, Not-in-family, White, Male,0.0,35.0, <=50K
 Private,106073.52, Assoc-voc,13.0, Never-married, Own-child, Black, Male,0.0,40.0, <=50K
 Private,109070.53, 7th-8th,3.0, Married-civ-spouse, Husband, White, Male,0.0,8.0, <=50K
 Private,75221.77, Prof-school,13.0, Married-civ-spouse, Not-in-family, White, Male,0.0,40.0, <=50K
 ?,137432.42, Some-college,10.0, Never-married, Own-child, White, Male,0.0,40.0, <=50K
 State-gov,279798.53, Bachelors,13.0, Married-civ-spouse, Wife, White, Female,0.0,40.0, >50K
 State-gov,195253.48, HS-grad,9.0, Married-civ-spouse, Husband, White, Male,0.0,40.0, >50K
 Private,159927.78, HS-grad,9.0, Divorced, Not-in-family, White, Female,0.0,40.0, <=50K
 State-gov,379822.53, Some-college,11.0, Married-civ-spouse, Husband, White, Male,0.0,45.0, <=50K
 State-gov,203746.75, Bachelors,13.0, Married-civ-spouse, Husband, White, Male,0.0,40.0, >50K
 Private,245140.47, HS-grad,9.0, Married-civ-spouse, Husband, White, Male,0.0,99.0, <=50K
 Private,132520.1, HS-grad,9.0, Never-married, Own-child, Black, Male,0.0,21.831015, <=50K
 Private,581774.06, Bachelors,6.0, Married-civ-spouse, Wife, White, Male,0.0,35.0, <=50K
 Private,187651.39, HS-grad,9.0, Married-civ-spouse, Husband, White, Male,0.0,59.34139, >50K
 Private,85617.36, 11th,7.0, Never-married, Own-child, White, Male,0.0,40.0, <=50K
 ?,32386.572, HS-grad,5.0, Divorced, Unmarried, White, Female,0.0,43.503124, <=50K
 Private,299284.47, HS-grad,9.0, Married-civ-spouse, Husband, White, Male,0.0,40.0, <=50K
 Private,408773.2, 12th,16.0, Never-married, Not-in-family, White, Male,0.0,99.0, <=50K
 Private,311799.16, Some-college,10.0, Never-married, Other-relative, White, Male,0.0,40.0, <=50K
 Private,29977.988, Some-college,10.0, Married-civ-spouse, Husband, White, Male,0.0,40.0, <=50K
 Private,119834.85, Masters,5.0, Married-spouse-absent, Not-in-family, Black, Male,0.0,40.0, <=50K
 Private,233370.88, Some-college,10.0, Never-married, Not-in-family, White, Female,0.0,37.0, <=50K
 Private,428641.4, 11th,7.0, Never-married, Own-child, White, Female,0.0,4.4517155, <=50K
 Private,28815.158, Some-college,10.0, Married-civ-spouse, Husband, White, Male,0.0,99.0, <=50K
 Private,214424.1, HS-grad,9.0, Married-civ-spouse, Husband, White, Male,0.0,40.0, >50K
 Private,107931.06, Preschool,1.0, Married-civ-spouse, Husband, White, Male,0.0,42.532486, <=50K
 Private,285944.38, HS-grad,9.0, Never-married, Own-child, Black, Female,0.0,40.0, <=50K
 Private,26526.865, HS-grad,2.0, Divorced, Not-in-family, White, Female,0.0,40.0, <=50K
 Private,424099.22, Masters,14.0, Never-married, Not-in-family, White, Male,0.0,40.0, <=50K
 Private,199631.72, HS-grad,13.0, Married-civ-spouse, Not-in-family, White, Male,0.0,60.0, <=50K
 Private,311045.38, HS-grad,6.0, Married-civ-spouse, Own-child, White, Male,0.0,40.0, <=50K
 Private,401597.28, 11th,9.0, Never-married, Unmarried, White, Female,0.0,42.0, <=50K
 Private,39587.73, Assoc-voc,11.0, Divorced, Not-in-family, White, Male,0.0,40.0, <=50K
 Private,92064.73, HS-grad,9.0, Divorced, Unmarried, White, Female,0.0,40.0, <=50K
 Private,591290.56, Some-college,10.0, Divorced, Unmarried, White, Female,0.0,40.0, <=50K
 Private,200417.33, 7th-8th,2.0, Married-civ-spouse, Not-in-family, White, Male,0.0,40.0, <=50K
 Private,315928.03, Some-college,10.0, Married-civ-spouse, Husband, White, Male,0.0,40.0, <=50K
 Private,145003.34, Bachelors,13.0, Married-civ-spouse, Husband, White, Male,0.0,83.641, >50K
 Private,29203.23, Masters,14.0, Married-civ-spouse, Husband, White, Male,0.0,40.0, >50K
 Private,323145.12, Bachelors,9.0, Married-civ-spouse, Husband, White, Male,0.0,70.0, <=50K
 Private,199677.67, HS-grad,9.0, Married-civ-spouse, Husband, White, Male,0.0,40.0, <=50K
 Local-gov,394232.97, Masters,14.0, Divorced, Unmarried, White, Female,0.0,99.0, <=50K
 Private,245719.14, Bachelors,13.0, Married-civ-spouse, Not-in-family, White, Male,0.0,50.0, <=50K
 Private,88740.43, HS-grad,9.0, Never-married, Own-child, Black, Female,0.0,40.0, <=50K
 Self-emp-not-inc,225136.89, Prof-school,15.0, Married-civ-spouse, Husband, White, Male,0.0,40.0, <=50K
 Private,305649.7, Masters,14.0, Married-civ-spouse, Husband, Asian-Pac-Islander, Male,0.0,40.0, <=50K
 Private,50252.957, HS-grad,9.0, Never-married, Not-in-family, White, Male,0.0,40.0, <=50K
 Private,244984.42, Some-college,10.0, Divorced, Not-in-family, Black, Female,0.0,40.0, <=50K
 Self-emp-not-inc,38250.848, Assoc-voc,11.0, Never-married, Not-in-family, White, Female,0.0,40.0, <=50K
 State-gov,177631.48, Bachelors,13.0, Married-civ-spouse, Husband, White, Male,0.0,40.0, >50K
 Private,270301.72, Some-college,10.0, Divorced, Not-in-family, White, Female,0.0,40.0, <=50K
 Private,283183.66, Some-college,10.0, Married-civ-spouse, Husband, White, Male,0.0,57.389065, >50K
 Local-gov,99062.88, HS-grad,9.0, Married-civ-spouse, Husband, White, Male,0.0,40.0, <=50K
 State-gov,184896.97, 7th-8th,16.0, Married-civ-spouse, Husband, White, Male,0.0,40.0, >50K
 Private,98102.58, 9th,10.0, Married-civ-spouse, Other-relative, White, Male,0.0,60.0, <=50K
 Private,143818.69, 7th-8th,3.0, Never-married, Own-child, Asian-Pac-Islander, Male,0.0,1.6284738, <=50K
 Private,175989.7, 12th,3.0, Married-civ-spouse, Husband, White, Male,0.0,40.0, <=50K
 Self-emp-inc,119943.32, HS-grad,8.0, Married-civ-spouse, Not-in-family, White, Female,0.0,50.0, <=50K
 Private,28964.219, HS-grad,9.0, Married-civ-spouse, Husband, White, Male,0.0,74.31733, <=50K
 Private,267998.4, HS-grad,9.0, Never-married, Not-in-family, Black, Male,0.0,60.0, <=50K
 Local-gov,193774.0, HS-grad,9.0, Married-civ-spouse, Husband, White, Male,0.0,55.0, >50K
 Self-emp-inc,341792.47, HS-grad,9.0, Never-married, Not-in-family, White, Male,0.0,99.0, <=50K
 Private,68768.28, 10th,6.0, Married-civ-spouse, Husband, White, Male,0.0,40.0, <=50K
 Private,32012.947, Bachelors,13.0, Never-married, Not-in-family, White, Male,0.0,40.0, <=50K
 ?,101733.41, HS-grad,9.0, Never-married, Not-in-family, White, Female,0.0,2.256574, <=50K
 Self-emp-not-inc,377996.75, Bachelors,13.0, Never-married, Not-in-family, White, Female,0.0,42.0, <=50K
 Private,124907.484, Masters,14.0, Married-civ-spouse, Wife, White, Female,0.0,40.0, >50K
 Federal-gov,33525.36, Some-college,10.0, Married-civ-spouse, Husband, White, Male,0.0,35.0, <=50K
 Private,155103.77, Some-college,10.0, Married-civ-spouse, Husband, White, Male,0.0,40.0, <=50K
 Private,189340.22, Some-college,10.0, Married-civ-spouse, Husband, White, Male,0.0,35.0, <=50K
 Private,33258.91, HS-grad,9.0, Married-civ-spouse, Husband, White, Male,0.0,40.0, <=50K
 Private,448370.6, HS-grad,9.0, Divorced, Unmarried, White, Male,0.0,40.0, <=50K
 State-gov,185045.19, Bachelors,13.0, Married-civ-spouse, Wife, White, Female,0.0,40.0, <=50K
 Private,257005.94, HS-grad,9.0, Never-married, Not-in-family, White, Male,0.0,40.0, <=50K
 Private,198919.28, HS-grad,9.0, Never-married, Not-in-family, White, Male,0.0,40.0, <=50K
 Private,32442.154, Bachelors,13.0, Married-civ-spouse, Husband, White, Male,0.0,84.0, <=50K
 Private,175956.4, HS-grad,10.0, Divorced, Not-in-family, White, Female,0.0,40.0, <=50K
 Private,40998.375, Some-college,10.0, Never-married, Unmarried, White, Male,0.0,40.0, <=50K
 Private,160798.9, Bachelors,13.0, Married-civ-spouse, Husband, Asian-Pac-Islander, Male,0.0,40.0, <=50K
 Private,163499.03, HS-grad,9.0, Married-civ-spouse, Husband, White, Male,0.0,40.0, <=50K
 Private,214177.19, 12th,11.0, Never-married, Unmarried, Asian-Pac-Islander, Female,0.0,25.0, <=50K
 Private,154259.92, Some-college,9.0, Divorced, Not-in-family, White, Female,0.0,40.0, <=50K
 Local-gov,131639.22, Assoc-acdm,13.0, Separated, Own-child, White, Female,0.0,40.0, <=50K
 ?,50603.28, Some-college,10.0, Never-married, Own-child, White, Male,0.0,40.0, <=50K
 Private,201192.94, HS-grad,9.0, Married-civ-spouse, Husband, White, Male,0.0,60.0, <=50K
 Private,221294.97, HS-grad,9.0, Never-married, Not-in-family, White, Male,0.0,65.0, <=50K
 Private,582883.2, Some-college,10.0, Married-civ-spouse, Husband, White, Male,0.0,40.0, >50K
 Private,263727.0, HS-grad,9.0, Married-civ-spouse, Wife, White, Female,0.0,40.0, <=50K
 Private,64426.67, HS-grad,9.0, Married-civ-spouse, Husband, White, Male,0.0,40.0, <=50K
 Private,287810.25, HS-grad,9.0, Married-civ-spouse, Husband, White, Male,0.0,40.0, <=50K
 Private,291342.5, Some-college,10.0, Never-married, Unmarried, White, Female,0.0,40.0, <=50K
 Private,154524.23, Assoc-acdm,12.0, Married-civ-spouse, Husband, White, Male,0.0,40.0, <=50K
 Private,262424.62, HS-grad,9.0, Married-civ-spouse, Wife, White, Male,0.0,40.0, <=50K
 Self-emp-inc,117115.58, Bachelors,13.0, Married-civ-spouse, Not-in-family, White, Male,0.0,40.0, <=50K
 Self-emp-inc,164369.72, 11th,9.0, Married-civ-spouse, Husband, White, Male,0.0,60.0, <=50K
 Private,189599.42, HS-grad,9.0, Married-civ-spouse, Husband, White, Male,0.0,40.0, >50K
 Private,120224.48, Bachelors,15.0, Never-married, Not-in-family, White, Male,0.0,40.0, <=50K
 Private,336489.38, HS-grad,9.0, Married-civ-spouse, Unmarried, White, Male,0.0,40.0, <=50K
 Private,457438.1, Some-college,10.0, Never-married, Own-child, White, Male,0.0,35.0, <=50K
 Private,193312.22, Masters,14.0, Widowed, Not-in-family, White, Female,0.0,40.0, <=50K
 Private,208313.08, Some-college,10.0, Married-civ-spouse, Wife, White, Female,0.0,2.9842517, >50K
 Private,112447.37, HS-grad,9.0, Never-married, Own-child, White, Male,0.0,3.3162072, <=50K
 Private,149427.81, Assoc-acdm,16.0, Married-civ-spouse, Not-in-family, White, Male,0.0,47.431507, <=50K
 Private,31319.615, 11th,13.0, Married-civ-spouse, Own-child, White, Male,0.0,40.0, <=50K
 Private,109014.484, HS-grad,9.0, Separated, Unmarried, Black, Female,0.0,40.0, <=50K
 Private,169647.8, 10th,6.0, Married-civ-spouse, Husband, Black, Male,0.0,35.0, <=50K
 Self-emp-inc,145361.77, 1st-4th,10.0, Married-civ-spouse, Husband, White, Male,0.0,40.0, <=50K
 Private,223278.86, HS-grad,9.0, Never-married, Not-in-family, White, Male,0.0,35.0, <=50K
 Private,40855.14, HS-grad,9.0, Never-married, Own-child, White, Female,0.0,20.519815, <=50K
 Self-emp-not-inc,182858.9, Bachelors,13.0, Never-married, Not-in-family, White, Male,0.0,20.0, <=50K
 Local-gov,33672.75, Bachelors,13.0, Married-civ-spouse, Wife, White, Female,0.0,48.0, <=50K
 Private,377763.53, 10th,6.3534837, Never-married, Not-in-family, White, Male,0.0,40.0, <=50K
 Private,129585.67, HS-grad,9.0, Married-civ-spouse, Husband, White, Male,0.0,40.0, <=50K
 State-gov,349188.28, HS-grad,9.0, Never-married, Own-child, White, Female,0.0,40.0, <=50K
 Private,171358.02, Bachelors,13.0, Married-civ-spouse, Husband, White, Male,0.0,6.0, <=50K
 Private,280011.6, Bachelors,13.0, Married-civ-spouse, Husband, White, Male,0.0,40.0, >50K
 Private,203568.53, HS-grad,9.0, Married-civ-spouse, Husband, White, Male,0.0,40.0, <=50K
 Private,132752.27, HS-grad,9.0, Married-civ-spouse, Own-child, White, Male,0.0,40.0, <=50K
 Private,62188.918, Bachelors,13.0, Married-civ-spouse, Husband, White, Male,0.0,40.0, >50K
 Private,260734.61, Prof-school,7.0, Divorced, Own-child, White, Male,0.0,40.0, <=50K
 State-gov,197736.53, Masters,14.0, Married-civ-spouse, Husband, White, Male,0.0,40.0, <=50K
 Private,186671.22, Some-college,10.0, Divorced, Not-in-family, White, Male,0.0,38.0, >50K
 Private,210814.02, 12th,9.0, Married-civ-spouse, Not-in-family, White, Female,0.0,40.0, <=50K
 Private,198704.56, Some-college,10.0, Widowed, Other-relative, Black, Female,0.0,40.0, <=50K
 Private,188732.33, Some-college,10.0, Never-married, Not-in-family, White, Female,0.0,40.0, <=50K
 ?,183257.11, 7th-8th,2.0, Divorced, Not-in-family, White, Male,0.0,40.0, <=50K
 Private,67755.88, HS-grad,9.0, Married-civ-spouse, Own-child, White, Male,0.0,40.0, >50K
 Private,185604.5, HS-grad,9.0, Divorced, Not-in-family, White, Male,0.0,37.0, <=50K
 Private,75852.3, HS-grad,9.0, Married-civ-spouse, Husband, White, Male,0.0,40.0, <=50K
 Private,202070.44, Some-college,10.0, Never-married, Own-child, White, Male,0.0,40.0, <=50K
 Private,695894.6, HS-grad,9.0, Never-married, Not-in-family, White, Male,0.0,50.0, <=50K
 Private,173777.3, Bachelors,13.0, Divorced, Not-in-family, White, Female,0.0,40.0, <=50K
 Private,132550.62, Bachelors,13.0, Divorced, Not-in-family, White, Female,0.0,40.0, <=50K
 Private,234751.81, HS-grad,9.0, Married-civ-spouse, Husband, White, Male,0.0,40.0, <=50K
 Private,108382.445, Some-college,10.0, Divorced, Unmarried, White, Female,0.0,40.0, <=50K
 Private,94264.93, Masters,14.0, Never-married, Not-in-family, White, Female,0.0,40.0, <=50K
 Private,180049.77, Some-college,10.0, Never-married, Own-child, White, Female,0.0,40.0, <=50K
 Private,20997.104, Some-college,10.0, Married-civ-spouse, Husband, White, Male,0.0,86.07092, <=50K
 Local-gov,325186.0, Some-college,10.0, Never-married, Own-child, White, Male,0.0,40.0, <=50K
 Self-emp-not-inc,322168.12, HS-grad,9.0, Never-married, Other-relative, White, Male,0.0,40.0, <=50K
 Private,151754.75, Assoc-acdm,13.0, Never-married, Own-child, White, Male,0.0,65.0, <=50K
 Private,219854.6, Bachelors,13.0, Never-married, Not-in-family, White, Female,0.0,40.0, <=50K
 Private,173011.62, HS-grad,9.0, Divorced, Not-in-family, White, Male,0.0,40.0, <=50K
 Private,117741.45, Assoc-voc,11.0, Divorced, Not-in-family, Black, Female,0.0,40.0, <=50K
 Private,288306.94, 10th,13.0, Never-married, Not-in-family, White, Male,0.0,40.0, <=50K
 Private,57158.13, 7th-8th,3.0, Married-civ-spouse, Husband, White, Male,0.0,40.0, <=50K
 Local-gov,431232.2, HS-grad,9.0, Never-married, Not-in-family, White, Female,0.0,40.0, <=50K
 Private,306078.28, HS-grad,9.0, Never-married, Own-child, White, Male,0.0,20.094572, <=50K
 Private,246695.48, Some-college,10.0, Never-married, Not-in-family, White, Male,0.0,40.0, <=50K
 Private,108269.09, Bachelors,13.0, Married-civ-spouse, Wife, White, Female,0.0,40.0, <=50K
 Private,43742.996, HS-grad,9.0, Never-married, Own-child, White, Female,0.0,4.877568, <=50K
 ?,118655.94, HS-grad,9.0, Never-married, Not-in-family, White, Male,1898.2921,1.5083226, <=50K
 Private,158716.12, Some-college,10.0, Never-married, Other-relative, White, Female,0.0,40.0, <=50K
 Private,241355.2, Bachelors,13.0, Married-civ-spouse, Husband, White, Male,0.0,40.0, <=50K
 Private,164174.81, HS-grad,9.0, Never-married, Unmarried, White, Male,0.0,40.0, <=50K
 Private,180674.53, 9th,12.0, Married-civ-spouse, Unmarried, White, Female,0.0,60.0, >50K
 Self-emp-not-inc,22086.496, Bachelors,15.0, Divorced, Not-in-family, White, Male,0.0,10.0, <=50K
 Private,177486.11, HS-grad,13.0, Married-civ-spouse, Husband, White, Male,0.0,40.0, <=50K
 Private,137235.06, Bachelors,13.0, Married-civ-spouse, Husband, White, Male,0.0,56.716576, >50K
 Private,173969.55, 7th-8th,9.0, Married-civ-spouse, Husband, White, Male,0.0,40.0, <=50K
 Private,95569.4, 12th,2.0, Never-married, Own-child, White, Female,0.0,35.51831, <=50K
 Private,76333.93, 1st-4th,2.0, Married-civ-spouse, Husband, White, Male,0.0,40.0, >50K
 Private,31847.16, Bachelors,13.0, Divorced, Unmarried, White, Female,0.0,40.0, <=50K
 Private,172080.9, Doctorate,6.0, Married-civ-spouse, Husband, White, Male,0.0,50.0, <=50K
 Private,144832.83, Some-college,10.0, Divorced, Not-in-family, White, Male,0.0,40.0, <=50K
 Private,171912.86, HS-grad,9.0, Married-civ-spouse, Husband, White, Male,0.0,27.127604, <=50K
 Private,122039.67, HS-grad,9.0, Married-civ-spouse, Husband, White, Male,0.0,50.0, >50K
 Private,503220.88, Assoc-voc,11.0, Never-married, Own-child, White, Male,0.0,2.3767273, <=50K
 Private,221247.95, 12th,10.0, Married-civ-spouse, Husband, White, Female,0.0,40.0, <=50K
 Self-emp-inc,24515.537, Bachelors,13.0, Married-civ-spouse, Husband, White, Male,0.0,99.0, <=50K
 ?,186222.14, Bachelors,13.0, Never-married, Not-in-family, Black, Female,0.0,16.0, <=50K
 Private,175949.61, HS-grad,9.0, Married-civ-spouse, Husband, White, Male,0.0,40.0, <=50K
 Private,84164.25, Some-college,10.0, Married-civ-spouse, Wife, White, Female,0.0,40.0, <=50K
 Self-emp-not-inc,133540.77, Masters,14.0, Married-civ-spouse, Husband, White, Male,0.0,50.0, >50K
 Private,186104.16, HS-grad,9.0, Married-civ-spouse, Husband, White, Male,0.0,99.0, >50K
 State-gov,79937.8, Bachelors,13.0, Married-civ-spouse, Unmarried, White, Male,0.0,43.87928, <=50K
 Private,36842.445, Some-college,10.0, Married-civ-spouse, Husband, White, Male,0.0,40.0, <=50K
 Private,242062.64, Assoc-acdm,12.0, Married-civ-spouse, Husband, White, Male,0.0,40.0, >50K
 Self-emp-inc,333371.47, 5th-6th,15.0, Married-civ-spouse, Husband, White, Male,0.0,50.0, >50K
 Private,105124.24, HS-grad,6.0, Never-married, Not-in-family, White, Male,0.0,40.0, <=50K
 Private,109634.945, Masters,14.0, Married-civ-spouse, Husband, White, Male,2410.9856,1.2465094, >50K
 Private,121178.38, Some-college,10.0, Married-civ-spouse, Wife, White, Female,0.0,3.013558, <=50K
 Private,36145.34, Assoc-acdm,12.0, Married-civ-spouse, Husband, Black, Male,0.0,20.0, <=50K
 Private,35836.004, Some-college,10.0, Widowed, Unmarried, White, Female,0.0,40.0, <=50K
 Private,156903.17, HS-grad,9.0, Separated, Other-relative, White, Male,0.0,45.0, <=50K
 Private,273211.38, HS-grad,7.0, Married-AF-spouse, Own-child, White, Female,0.0,48.0, <=50K
 ?,111181.22, Bachelors,13.0, Widowed, Not-in-family, White, Female,0.0,1.0, >50K
 Private,250271.0, Prof-school,13.0, Married-civ-spouse, Husband, White, Male,0.0,40.0, >50K
 Private,25392.367, Some-college,10.0, Never-married, Not-in-family, White, Female,0.0,40.0, <=50K
 Private,328481.62, Masters,15.0, Widowed, Unmarried, White, Female,0.0,50.0, <=50K
 Private,301153.84, Doctorate,16.0, Married-civ-spouse, Husband, White, Male,0.0,70.0, >50K
 Private,107703.85, Bachelors,13.0, Married-civ-spouse, Husband, White, Male,0.0,99.0, <=50K
 Private,224590.4, HS-grad,9.0, Married-civ-spouse, Husband, White, Male,0.0,14.034957, <=50K
 Private,161088.69, Some-college,10.0, Never-married, Other-relative, White, Male,0.0,52.0, <=50K
 Private,277707.9, HS-grad,9.0, Never-married, Own-child, Black, Female,0.0,30.0, <=50K
 ?,44784.99, 7th-8th,3.0, Married-civ-spouse, Husband, White, Male,0.0,1.106154, <=50K
 Private,125923.38, Some-college,10.0, Never-married, Own-child, Black, Female,0.0,40.0, <=50K
 Private,33285.293, Masters,14.0, Divorced, Not-in-family, White, Male,0.0,75.0, <=50K
 Private,44551.043, Some-college,10.0, Married-civ-spouse, Husband, White, Male,0.0,40.0, <=50K
 Private,26539.059, HS-grad,9.0, Never-married, Not-in-family, White, Male,0.0,40.0, <=50K
 Private,99002.086, Bachelors,13.0, Married-civ-spouse, Husband, White, Male,0.0,40.0, >50K
 Private,166642.02, Assoc-acdm,9.0, Never-married, Own-child, White, Male,0.0,6.5815086, <=50K
 Private,270061.06, Some-college,10.0, Never-married, Not-in-family, White, Female,0.0,40.0, <=50K
 Private,44762.48, 5th-6th,1.0, Never-married, Other-relative, White, Male,0.0,40.0, <=50K
 Local-gov,39771.277, Some-college,10.0, Never-married, Not-in-family, White, Female,0.0,40.0, <=50K
 Private,243342.33, Masters,13.0, Married-AF-spouse, Unmarried, White, Female,0.0,25.0, >50K
 Private,238517.12, Some-college,10.0, Married-civ-spouse, Husband, White, Male,0.0,50.0, <=50K
 Private,233669.2, Some-college,10.0, Married-civ-spouse, Husband, White, Male,0.0,99.0, >50K
 Self-emp-not-inc,162964.0, Bachelors,13.0, Divorced, Not-in-family, White, Female,0.0,40.0, <=50K
 Self-emp-not-inc,210998.95, Bachelors,13.0, Never-married, Not-in-family, White, Female,0.0,60.0, <=50K
 Private,50429.83, Bachelors,10.0, Married-civ-spouse, Husband, White, Male,0.0,40.0, >50K
 Private,20862.93, Some-college,10.0, Divorced, Unmarried, White, Female,0.0,40.0, >50K
 Private,63964.523, 11th,7.0, Never-married, Own-child, White, Female,0.0,8.0, <=50K
 Private,261076.38, HS-grad,9.0, Divorced, Own-child, White, Female,0.0,99.0, <=50K
 Private,207830.06, Bachelors,13.0, Never-married, Other-relative, White, Female,0.0,40.0, <=50K
 Private,78244.08, Bachelors,13.0, Never-married, Wife, White, Male,0.0,30.0, <=50K
 Private,598559.1, HS-grad,9.0, Married-civ-spouse, Husband, White, Male,0.0,40.0, >50K
 Private,117938.43, Bachelors,14.0, Never-married, Not-in-family, White, Male,0.0,74.68578, <=50K
 Private,198589.48, 7th-8th,2.0, Married-civ-spouse, Husband, White, Male,0.0,40.0, <=50K
 Private,374906.16, Some-college,9.0, Divorced, Not-in-family, White, Male,0.0,40.0, <=50K
 Private,60511.008, Some-college,13.0, Married-civ-spouse, Own-child, White, Male,0.0,40.0, <=50K
 Private,157630.33, Some-college,10.0, Never-married, Not-in-family, White, Male,0.0,40.0, <=50K
 Private,200701.67, Some-college,10.0, Married-civ-spouse, Husband, White, Male,0.0,55.92296, <=50K
 Private,21232.592, Some-college,10.0, Married-civ-spouse, Husband, White, Male,0.0,80.0, >50K
 Local-gov,223596.38, Some-college,10.0, Divorced, Unmarried, White, Female,0.0,55.0, <=50K
 Private,228268.1, Bachelors,13.0, Married-civ-spouse, Husband, White, Male,0.0,4.775024, <=50K
 State-gov,266122.66, HS-grad,9.0, Separated, Unmarried, Black, Female,0.0,40.0, <=50K
 Private,422282.06, HS-grad,9.0, Never-married, Own-child, White, Female,0.0,40.0, <=50K
 Private,267400.84, Bachelors,6.0, Married-civ-spouse, Own-child, White, Male,0.0,60.0, <=50K
 Private,110632.08, HS-grad,10.0, Married-civ-spouse, Husband, White, Male,0.0,40.0, >50K
 Private,204602.73, Some-college,10.0, Married-civ-spouse, Husband, White, Male,0.0,83.39017, >50K
 Private,162480.64, HS-grad,9.0, Married-civ-spouse, Husband, White, Male,0.0,40.0, <=50K
 Private,343712.5, 5th-6th,3.0, Separated, Unmarried, Black, Female,0.0,40.243675, <=50K
 Private,245773.33, 1st-4th,2.6365921, Married-civ-spouse, Husband, White, Male,0.0,70.0, <=50K
 Private,113197.766, HS-grad,9.0, Never-married, Not-in-family, White, Female,0.0,40.0, <=50K
 Private,143065.94, Some-college,10.0, Widowed, Unmarried, White, Male,0.0,40.0, <=50K
 Private,29406.598, Some-college,10.0, Married-civ-spouse, Husband, White, Male,0.0,99.0, <=50K
 Private,217666.22, 12th,4.0, Never-married, Not-in-family, White, Male,0.0,40.0, <=50K
 Private,125344.95, HS-grad,9.0, Married-civ-spouse, Husband, White, Male,0.0,40.0, <=50K
 Private,361766.94, HS-grad,9.0, Divorced, Not-in-family, White, Male,0.0,40.0, <=50K
 Private,22925.424, HS-grad,9.0, Divorced, Unmarried, White, Female,0.0,40.0, <=50K
 Local-gov,107276.02, Prof-school,15.0, Never-married, Own-child, White, Male,0.0,99.0, <=50K
 Private,108205.484, Assoc-voc,10.0, Married-civ-spouse, Husband, White, Male,0.0,40.0, <=50K
 Private,224032.0, Bachelors,13.0, Married-civ-spouse, Husband, White, Male,0.0,50.0, >50K
 Private,161154.34, 11th,5.0, Never-married, Not-in-family, White, Male,0.0,18.0, <=50K
 ?,160008.2, HS-grad,9.0, Married-civ-spouse, Husband, White, Male,0.0,40.0, <=50K
 ?,77869.766, Some-college,10.0, Widowed, Unmarried, White, Male,0.0,1.0, <=50K
 Private,103913.94, Some-college,11.0, Never-married, Own-child, White, Female,0.0,40.0, <=50K
 Private,506447.12, Bachelors,11.0, Married-civ-spouse, Not-in-family, Black, Female,0.0,44.0, <=50K
 Private,125521.04, HS-grad,9.0, Married-civ-spouse, Wife, White, Female,0.0,40.0, >50K
 State-gov,219055.67, Bachelors,13.0, Never-married, Not-in-family, White, Female,0.0,96.79339, <=50K
 Private,28080.516, Bachelors,13.0, Married-civ-spouse, Husband, White, Male,0.0,99.0, <=50K
 Private,24283.244, 10th,16.0, Married-civ-spouse, Wife, White, Female,0.0,40.0, <=50K
 Private,79068.85, HS-grad,9.0, Never-married, Own-child, White, Female,0.0,8.0, <=50K
 Private,202758.84, HS-grad,3.0, Never-married, Own-child, White, Female,0.0,40.0, <=50K
 Private,23108.268, 10th,4.0, Divorced, Not-in-family, White, Male,0.0,40.0, <=50K
 Private,87457.984, Bachelors,13.0, Married-civ-spouse, Husband, White, Male,0.0,40.0, <=50K
 Private,122733.984, HS-grad,9.0, Divorced, Not-in-family, White, Male,0.0,58.1728, >50K
 Private,42187.17, HS-grad,9.0, Divorced, Unmarried, White, Female,1977.0,40.0, <=50K
 Private,211442.53, HS-grad,9.0, Never-married, Own-child, White, Male,0.0,40.0, <=50K
 Private,447935.34, Masters,14.0, Married-civ-spouse, Husband, White, Male,0.0,40.0, <=50K
 ?,53348.94, HS-grad,9.0, Divorced, Not-in-family, White, Male,0.0,40.0, <=50K
 Private,136234.34, Some-college,10.0, Married-civ-spouse, Husband, White, Male,0.0,37.46477, <=50K
 Local-gov,186822.12, Bachelors,10.0, Married-civ-spouse, Own-child, White, Male,0.0,50.0, <=50K
 Self-emp-not-inc,200606.7, 7th-8th,3.0, Married-civ-spouse, Husband, White, Male,0.0,99.0, <=50K
 Self-emp-not-inc,307185.8, HS-grad,9.0, Married-civ-spouse, Husband, White, Male,0.0,40.0, <=50K
 Private,186817.4, HS-grad,9.0, Married-civ-spouse, Husband, White, Male,0.0,40.0, <=50K
 Private,308273.72, HS-grad,9.0, Never-married, Own-child, White, Male,0.0,50.0, <=50K
 Private,366886.94, Bachelors,16.0, Married-civ-spouse, Wife, White, Male,0.0,60.0, <=50K
 Private,183666.06, HS-grad,9.0, Divorced, Not-in-family, White, Male,0.0,50.0, <=50K
 Private,347154.53, HS-grad,9.0, Divorced, Unmarried, White, Female,0.0,40.0, <=50K
 Private,163027.31, Masters,13.0, Never-married, Own-child, White, Male,0.0,17.959204, <=50K
 Private,90734.78, HS-grad,9.0, Never-married, Not-in-family, White, Male,0.0,40.0, <=50K
 Private,24082.842, Some-college,10.0, Never-married, Own-child, White, Male,0.0,12.0, <=50K
 Private,28131.854, HS-grad,9.0, Married-civ-spouse, Not-in-family, White, Male,0.0,40.0, <=50K
 ?,43760.273, HS-grad,9.0, Married-civ-spouse, Wife, White, Female,0.0,25.0, <=50K
 Private,124814.1, HS-grad,9.0, Never-married, Own-child, White, Female,0.0,40.0, <=50K
 Private,418104.84, HS-grad,9.0, Married-civ-spouse, Husband, White, Male,0.0,40.0, <=50K
 ?,122522.27, Prof-school,15.0, Divorced, Not-in-family, White, Male,0.0,1.1222448, <=50K
 Private,145282.7, Bachelors,13.0, Married-civ-spouse, Husband, White, Male,0.0,60.0, <=50K
 Private,52260.1, Bachelors,13.0, Married-civ-spouse, Wife, Black, Female,0.0,50.0, <=50K
 Private,175192.16, Some-college,10.0, Never-married, Not-in-family, White, Male,0.0,65.0, <=50K
 Private,190459.39, 10th,7.0, Never-married, Not-in-family, White, Female,0.0,32.0, <=50K
 Private,387091.9, Bachelors,13.0, Married-civ-spouse, Husband, White, Male,1977.1133,55.0, <=50K
 Private,377009.0, 7th-8th,9.0, Never-married, Not-in-family, White, Female,0.0,40.0, <=50K
 Private,549740.94, HS-grad,9.0, Never-married, Own-child, White, Female,0.0,40.0, <=50K
 Private,508788.7, Bachelors,13.0, Never-married, Own-child, White, Male,0.0,40.0, <=50K
 Self-emp-not-inc,321535.75, 12th,9.0, Married-civ-spouse, Husband, White, Male,0.0,40.0, <=50K
 Private,115273.0, 11th,5.0, Married-civ-spouse, Not-in-family, White, Male,0.0,40.0, <=50K
 Private,98027.3, Masters,14.0, Married-civ-spouse, Husband, White, Male,0.0,40.0, >50K
 Self-emp-not-inc,166501.28, HS-grad,9.0, Never-married, Own-child, White, Male,0.0,35.0, <=50K
 Private,235740.95, Some-college,9.0, Married-civ-spouse, Wife, White, Female,0.0,40.0, <=50K
 Local-gov,184278.9, Bachelors,9.0, Never-married, Other-relative, White, Female,0.0,30.0, <=50K
 Self-emp-inc,232782.73, HS-grad,9.0, Married-civ-spouse, Husband, White, Male,0.0,60.0, <=50K
 Private,320394.38, Bachelors,10.0, Never-married, Other-relative, Black, Male,0.0,50.0, <=50K
 Private,117489.13, Assoc-acdm,12.0, Separated, Not-in-family, White, Female,0.0,1.5389187, <=50K
 Private,498736.22, Some-college,10.0, Married-civ-spouse, Own-child, White, Male,0.0,40.0, <=50K
 Private,33151.848, Bachelors,13.0, Never-married, Not-in-family, Black, Male,0.0,40.0, <=50K
 Private,147920.92, Some-college,10.0, Married-civ-spouse, Not-in-family, White, Male,0.0,40.0, <=50K
 Private,363634.66, Bachelors,13.0, Never-married, Not-in-family, White, Male,0.0,40.0, <=50K
 Private,23285.414, HS-grad,9.0, Never-married, Unmarried, White, Male,0.0,40.0, <=50K
 Private,84634.984, Prof-school,15.0, Never-married, Not-in-family, White, Female,0.0,9.824134, <=50K
 Private,23852.951, Bachelors,13.0, Married-civ-spouse, Husband, White, Male,0.0,40.0, <=50K
 Self-emp-not-inc,35817.88, HS-grad,9.0, Married-civ-spouse, Husband, White, Male,0.0,5.409228, <=50K
 Private,249996.56, HS-grad,9.0, Divorced, Own-child, White, Male,0.0,40.0, <=50K
 Private,230140.66, HS-grad,9.0, Never-married, Own-child, White, Male,0.0,27.832718, <=50K
 State-gov,57060.89, Bachelors,13.0, Widowed, Unmarried, White, Female,0.0,2.2259243, <=50K
 Private,233112.05, Bachelors,12.0, Never-married, Not-in-family, White, Female,0.0,35.0, <=50K
 Private,58924.305, HS-grad,9.0, Divorced, Unmarried, White, Female,0.0,40.0, <=50K
 Private,396191.7, Some-college,10.0, Never-married, Not-in-family, White, Female,0.0,40.0, <=50K
 Private,227090.64, 12th,1.3396722, Married-civ-spouse, Unmarried, White, Male,0.0,40.0, <=50K
 Private,33344.734, Assoc-voc,9.0, Never-married, Other-relative, White, Female,0.0,45.0, <=50K
 ?,120707.23, HS-grad,9.0, Divorced, Not-in-family, White, Female,0.0,20.0, <=50K
 Federal-gov,31350.992, Some-college,10.0, Married-civ-spouse, Husband, White, Male,0.0,60.0, <=50K
 Private,317698.88, Some-college,9.0, Married-spouse-absent, Other-relative, White, Male,0.0,40.0, <=50K
 ?,56744.934, HS-grad,9.0, Separated, Unmarried, White, Female,0.0,1.1997837, <=50K
 Private,191360.98, HS-grad,9.0, Never-married, Own-child, White, Female,0.0,40.0, <=50K
 Private,201268.52, HS-grad,9.0, Married-civ-spouse, Husband, White, Male,0.0,70.0, <=50K
 Private,24357.3, 7th-8th,10.0, Married-civ-spouse, Husband, White, Male,0.0,40.0, <=50K
 Private,161967.16, HS-grad,9.0, Divorced, Not-in-family, White, Female,0.0,40.0, <=50K
 ?,82383.51, Bachelors,13.0, Never-married, Own-child, Asian-Pac-Islander, Female,0.0,4.596085, <=50K
 Private,78330.79, Bachelors,13.0, Never-married, Not-in-family, White, Female,0.0,40.0, >50K
 Private,277559.22, HS-grad,9.0, Never-married, Own-child, White, Male,0.0,40.0, <=50K
 Private,229350.45, HS-grad,9.0, Never-married, Not-in-family, White, Male,0.0,60.0, <=50K
 ?,239136.8, HS-grad,9.0, Never-married, Own-child, White, Female,0.0,10.118771, <=50K
 Private,144722.14, HS-grad,9.0, Married-civ-spouse, Not-in-family, White, Male,0.0,40.0, <=50K
 ?,312168.7, HS-grad,9.0, Married-civ-spouse, Wife, White, Female,0.0,40.0, <=50K
 Private,237838.73, HS-grad,9.0, Never-married, Unmarried, White, Male,0.0,4.0, <=50K
 Self-emp-not-inc,108936.164, Some-college,10.0, Never-married, Not-in-family, Asian-Pac-Islander, Male,0.0,1.0882571, <=50K
 Private,183678.23, Bachelors,14.0, Never-married, Not-in-family, White, Male,0.0,48.0, <=50K
 Private,211212.16, HS-grad,4.0, Divorced, Not-in-family, White, Female,0.0,60.0, <=50K
 Private,176721.7, HS-grad,9.0, Married-civ-spouse, Husband, White, Male,0.0,99.0, >50K
 Private,392853.06, HS-grad,9.0, Separated, Own-child, White, Male,0.0,10.0, <=50K
 Private,33431.785, Some-college,10.0, Never-married, Not-in-family, White, Male,0.0,40.0, <=50K
 Federal-gov,143957.36, HS-grad,9.0, Married-civ-spouse, Husband, White, Male,0.0,40.0, <=50K
 Private,335887.22, Masters,14.0, Married-civ-spouse, Husband, White, Male,0.0,80.0, >50K
 ?,249764.52, HS-grad,9.0, Separated, Not-in-family, Black, Female,0.0,40.0, <=50K
 Private,209289.48, Masters,14.0, Divorced, Unmarried, White, Female,0.0,72.0, <=50K
 Private,102173.81, 12th,9.0, Married-civ-spouse, Husband, White, Male,0.0,60.0, >50K
 Private,311965.94, HS-grad,9.0, Divorced, Unmarried, White, Female,0.0,40.0, <=50K
 Private,408270.94, Masters,14.0, Married-civ-spouse, Husband, White, Male,0.0,99.0, >50K
 Without-pay,1417818.1, 12th,5.0, Married-civ-spouse, Unmarried, White, Male,0.0,56.0, <=50K
 Private,1412666.8, HS-grad,6.0, Married-civ-spouse, Own-child, White, Female,0.0,40.0, <=50K
 Local-gov,294275.3, Assoc-acdm,12.0, Never-married, Not-in-family, White, Male,0.0,40.0, <=50K
 Private,314038.28, HS-grad,9.0, Never-married, Own-child, White, Male,0.0,40.0, <=50K
 Private,98753.02, HS-grad,9.0, Married-civ-spouse, Husband, White, Male,0.0,15.0, <=50K
 Private,198405.06, Bachelors,13.0, Never-married, Not-in-family, White, Male,0.0,40.0, <=50K
 Private,195701.64, Some-college,10.0, Married-civ-spouse, Husband, White, Male,0.0,99.0, <=50K
 Private,84390.055, 10th,4.0, Married-civ-spouse, Own-child, White, Male,0.0,40.0, >50K
 ?,34706.203, HS-grad,9.0, Never-married, Own-child, White, Female,0.0,15.0, <=50K
 Private,117369.56, HS-grad,9.0, Married-civ-spouse, Not-in-family, White, Male,0.0,40.0, <=50K
 Private,262800.5, Bachelors,13.0, Married-civ-spouse, Husband, White, Male,0.0,48.0, >50K
 Private,104916.46, Some-college,10.0, Separated, Not-in-family, White, Female,0.0,40.0, <=50K
 Private,226396.58, Assoc-voc,13.0, Married-civ-spouse, Wife, White, Male,0.0,40.0, <=50K
 Private,108104.71, Bachelors,10.0, Married-civ-spouse, Own-child, White, Male,0.0,42.0, <=50K
 Private,186858.73, 7th-8th,2.9295, Married-civ-spouse, Husband, White, Male,0.0,40.0, <=50K
 Private,106095.914, HS-grad,9.0, Married-civ-spouse, Husband, White, Male,0.0,99.0, <=50K
 Local-gov,398742.4, Bachelors,13.0, Married-civ-spouse, Husband, White, Male,0.0,40.0, >50K
 Private,295760.72, Some-college,10.0, Never-married, Not-in-family, White, Male,0.0,40.0, <=50K
 Local-gov,182150.0, Bachelors,13.0, Married-civ-spouse, Husband, White, Male,0.0,60.0, >50K
 Private,115399.805, HS-grad,9.0, Married-civ-spouse, Husband, White, Male,0.0,40.0, >50K
 Private,32464.715, HS-grad,2.0, Married-civ-spouse, Own-child, Black, Male,0.0,40.0, <=50K
 Private,169964.81, HS-grad,9.0, Married-civ-spouse, Husband, White, Male,1994.3044,40.0, <=50K
 Private,117363.9, HS-grad,9.0, Never-married, Own-child, Asian-Pac-Islander, Female,0.0,5.417156, <=50K
 Private,188703.98, Doctorate,16.0, Married-civ-spouse, Husband, White, Male,0.0,40.0, >50K
 Private,367311.84, Prof-school,14.0, Married-civ-spouse, Husband, White, Male,0.0,40.0, <=50K
 Private,36014.61, 10th,6.0, Married-civ-spouse, Husband, White, Male,0.0,40.0, <=50K
 Private,138836.92, Some-college,9.0, Widowed, Not-in-family, White, Female,0.0,45.0, <=50K
 Private,1040725.5, Bachelors,13.0, Never-married, Not-in-family, Black, Male,0.0,40.0, <=50K
 Private,158995.67, Assoc-acdm,11.0, Married-civ-spouse, Husband, White, Male,0.0,40.0, >50K
 Self-emp-not-inc,100910.336, Masters,14.0, Married-civ-spouse, Husband, Other, Male,0.0,99.0, >50K
 Private,106845.84, Some-college,10.0, Married-spouse-absent, Unmarried, White, Male,0.0,40.0, <=50K
 Private,236731.86, HS-grad,9.0, Married-civ-spouse, Own-child, White, Male,0.0,40.0, >50K
 Private,235884.77, Doctorate,13.0, Married-civ-spouse, Husband, White, Male,0.0,40.0, >50K
 Private,192365.5, HS-grad,9.0, Married-civ-spouse, Wife, Black, Male,0.0,40.0, <=50K
 State-gov,347082.44, HS-grad,9.0, Never-married, Not-in-family, Black, Male,0.0,40.0, <=50K
 Private,47664.207, Some-college,10.0, Married-civ-spouse, Husband, White, Male,0.0,40.0, <=50K
 Private,193246.23, Some-college,10.0, Married-civ-spouse, Husband, White, Male,0.0,46.0, >50K
 Private,98295.58, HS-grad,7.0, Married-civ-spouse, Husband, White, Male,0.0,40.0, >50K
 Private,230912.05, Bachelors,13.0, Never-married, Unmarried, White, Male,0.0,50.0, <=50K
 Self-emp-inc,187295.1, HS-grad,9.0, Divorced, Unmarried, Black, Female,0.0,40.0, <=50K
 Private,350215.9, Bachelors,10.0, Never-married, Own-child, White, Male,0.0,45.0, <=50K
 Private,140650.5, 10th,13.0, Married-civ-spouse, Own-child, Asian-Pac-Islander, Male,0.0,40.0, <=50K
 State-gov,50878.72, Masters,14.0, Married-civ-spouse, Husband, White, Male,0.0,40.0, >50K
 Private,285515.1, HS-grad,9.0, Never-married, Not-in-family, White, Male,0.0,20.0, <=50K
 Private,472984.7, Some-college,10.0, Never-married, Own-child, White, Female,0.0,40.0, <=50K
 Private,246494.39, HS-grad,9.0, Married-civ-spouse, Husband, White, Male,0.0,40.0, >50K
 Private,212742.94, HS-grad,9.0, Never-married, Not-in-family, White, Male,0.0,95.117714, <=50K
 Private,549312.5, Prof-school,15.0, Married-civ-spouse, Wife, White, Female,0.0,40.0, >50K
 Private,27079.287, Some-college,10.0, Married-civ-spouse, Husband, White, Male,0.0,99.0, <=50K
 Private,242951.5, 7th-8th,3.0, Married-civ-spouse, Husband, White, Male,0.0,40.0, >50K
 Private,335819.6, HS-grad,9.0, Married-civ-spouse, Husband, White, Male,0.0,38.0, <=50K
 Private,457730.28, Some-college,10.0, Divorced, Unmarried, Black, Female,0.0,40.0, <=50K
 State-gov,108273.445, Bachelors,13.0, Never-married, Unmarried, White, Female,0.0,40.0, <=50K
 Private,200072.48, 12th,10.0, Never-married, Own-child, White, Male,0.0,40.0, <=50K
 Private,281995.56, 7th-8th,2.7885864, Divorced, Unmarried, Black, Male,0.0,1.9798673, <=50K
 Private,287824.7, HS-grad,10.0, Married-civ-spouse, Husband, White, Male,0.0,35.0, <=50K
 Private,173372.77, Bachelors,13.0, Married-civ-spouse, Husband, White, Male,0.0,75.0, >50K
 Private,435803.28, Some-college,10.0, Married-civ-spouse, Husband, White, Male,0.0,40.0, >50K
 Private,185995.47, Some-college,10.0, Never-married, Own-child, White, Male,0.0,40.0, <=50K
 Self-emp-not-inc,73044.93, 5th-6th,7.0, Married-civ-spouse, Own-child, White, Male,0.0,84.0, <=50K
 Local-gov,181711.58, Bachelors,13.0, Never-married, Other-relative, Black, Female,0.0,1.6716492, <=50K
 Private,427052.78, HS-grad,9.0, Married-civ-spouse, Husband, White, Male,0.0,40.0, <=50K
 Private,236540.11, 7th-8th,3.0, Married-civ-spouse, Husband, White, Male,1921.3699,40.0, <=50K
 Private,316204.4, HS-grad,9.0, Married-civ-spouse, Husband, White, Male,0.0,40.0, <=50K
 Self-emp-not-inc,22922.727, Assoc-voc,9.0, Married-civ-spouse, Husband, White, Male,0.0,40.0, >50K
 Private,202099.97, 7th-8th,3.0, Married-civ-spouse, Husband, Black, Male,0.0,40.0, <=50K
 Private,31545.273, 7th-8th,7.0, Married-civ-spouse, Husband, White, Male,0.0,40.0, >50K
 Private,43178.242, Some-college,10.0, Divorced, Unmarried, White, Female,0.0,40.0, <=50K
 ?,465740.6, Bachelors,13.0, Married-civ-spouse, Husband, Black, Male,0.0,40.0, <=50K
 Self-emp-not-inc,432953.75, HS-grad,9.0, Married-civ-spouse, Husband, White, Male,0.0,40.0, <=50K
 Private,52148.71, HS-grad,9.0, Never-married, Own-child, White, Male,0.0,40.0, <=50K
 Private,415485.28, Some-college,6.0, Married-civ-spouse, Husband, White, Male,0.0,45.0, <=50K
 Self-emp-inc,378663.28, Bachelors,13.0, Separated, Not-in-family, White, Female,0.0,40.0, <=50K
 Private,79962.6, Assoc-acdm,12.0, Never-married, Own-child, Asian-Pac-Islander, Male,0.0,60.0, <=50K
 Self-emp-not-inc,158303.97, Bachelors,13.0, Married-civ-spouse, Husband, White, Male,0.0,5.7608027, >50K
 Private,114312.805, Bachelors,13.0, Married-civ-spouse, Husband, Black, Male,0.0,40.0, <=50K
 Private,33991.035, Prof-school,11.0, Married-civ-spouse, Husband, White, Male,0.0,55.0, <=50K
 ?,50513.867, Some-college,10.0, Never-married, Own-child, White, Male,0.0,40.0, <=50K
 Private,38080.258, Some-college,13.0, Married-civ-spouse, Husband, White, Male,0.0,35.0, <=50K
 Private,294521.7, 10th,6.0, Married-civ-spouse, Husband, White, Male,0.0,40.0, <=50K
 Private,132820.67, HS-grad,9.0, Married-civ-spouse, Husband, White, Male,0.0,40.0, <=50K
 ?,348350.28, Masters,14.0, Never-married, Own-child, White, Female,0.0,6.0, <=50K
 Private,311009.38, HS-grad,9.0, Never-married, Unmarried, White, Female,0.0,40.0, <=50K
 Private,240094.02, Bachelors,10.0, Married-civ-spouse, Own-child, White, Male,0.0,42.0, <=50K
 Private,68062.49, HS-grad,9.0, Married-civ-spouse, Husband, White, Male,0.0,40.0, <=50K
 Private,253547.12, 10th,3.0, Married-civ-spouse, Own-child, White, Male,0.0,40.0, <=50K
 Private,1006399.3, 5th-6th,2.0, Married-civ-spouse, Husband, White, Male,0.0,40.0, <=50K
 State-gov,112317.25, 10th,5.363441, Married-civ-spouse, Husband, White, Male,0.0,40.0, <=50K
 Local-gov,162275.27, HS-grad,9.0, Married-civ-spouse, Husband, White, Male,0.0,60.0, <=50K
 Private,189188.39, HS-grad,5.0, Married-civ-spouse, Husband, White, Male,0.0,40.0, >50K
 Private,112052.89, Bachelors,13.0, Never-married, Not-in-family, White, Male,0.0,40.0, <=50K
 Private,164641.56, HS-grad,9.0, Never-married, Unmarried, Amer-Indian-Eskimo, Male,0.0,40.0, <=50K
 Private,355413.44, 12th,4.0, Never-married, Not-in-family, Black, Male,0.0,40.0, <=50K
 Private,248544.23, Some-college,10.0, Never-married, Not-in-family, White, Female,0.0,4.0, <=50K
 Private,78775.95, Some-college,10.0, Never-married, Other-relative, White, Male,0.0,40.0, <=50K
 Private,38185.195, Some-college,10.0, Married-civ-spouse, Husband, White, Male,0.0,97.56954, <=50K
 Private,370957.97, 10th,3.0, Never-married, Own-child, White, Male,0.0,40.0, <=50K
 Private,758476.06, 12th,9.0, Married-civ-spouse, Unmarried, Black, Male,0.0,48.0, <=50K
 Private,662140.0, Some-college,10.0, Never-married, Not-in-family, White, Female,1977.0,40.0, <=50K
 Private,416566.38, HS-grad,9.0, Married-civ-spouse, Not-in-family, White, Male,0.0,40.0, <=50K
 Local-gov,295363.28, Bachelors,13.0, Married-civ-spouse, Husband, White, Male,0.0,35.08362, >50K
 Private,29990.287, Bachelors,13.0, Divorced, Unmarried, White, Female,0.0,40.0, >50K
 Federal-gov,64447.414, HS-grad,9.0, Married-civ-spouse, Wife, White, Female,0.0,40.0, <=50K
 Federal-gov,138858.34, Masters,14.0, Never-married, Not-in-family, White, Male,0.0,50.0, >50K
 Private,217497.56, HS-grad,6.0, Divorced, Unmarried, White, Female,0.0,40.0, <=50K
 Private,395234.38, HS-grad,10.0, Never-married, Own-child, White, Male,0.0,16.0, <=50K
 Private,220727.48, HS-grad,9.0, Married-civ-spouse, Husband, Black, Male,0.0,40.0, <=50K
 Private,320338.1, 10th,7.0, Married-civ-spouse, Not-in-family, White, Male,0.0,40.0, <=50K
 Private,177515.36, HS-grad,7.0, Never-married, Not-in-family, White, Male,0.0,20.0, <=50K
 Self-emp-not-inc,93343.875, HS-grad,9.0, Married-civ-spouse, Husband, White, Male,0.0,40.0, <=50K
 Self-emp-not-inc,32289.988, Masters,14.0, Married-civ-spouse, Husband, White, Male,0.0,40.0, >50K
 Private,438059.03, Some-college,10.0, Never-married, Own-child, White, Female,0.0,3.3725598, <=50K
 Private,588894.2, HS-grad,1.0, Married-civ-spouse, Own-child, White, Female,0.0,45.0, <=50K
 Private,31316.953, Some-college,10.0, Married-civ-spouse, Husband, White, Male,0.0,40.0, >50K
 Private,224839.2, 12th,4.0, Married-civ-spouse, Not-in-family, White, Female,0.0,40.0, <=50K
 Private,162462.94, 12th,3.0, Married-civ-spouse, Husband, White, Male,0.0,40.0, >50K
 State-gov,403772.12, Assoc-acdm,12.0, Divorced, Unmarried, White, Male,0.0,40.0, <=50K
 Private,225212.64, HS-grad,9.0, Never-married, Own-child, White, Female,0.0,20.0, <=50K
 Private,87370.24, Assoc-acdm,13.0, Married-civ-spouse, Not-in-family, White, Male,0.0,40.0, >50K
 State-gov,162797.78, HS-grad,9.0, Never-married, Own-child, White, Female,0.0,7.9875956, <=50K
 Self-emp-inc,1442209.0, Assoc-voc,16.0, Married-civ-spouse, Not-in-family, White, Male,0.0,40.0, <=50K
 Private,193157.94, HS-grad,9.0, Never-married, Not-in-family, White, Female,0.0,99.0, <=50K
 Private,22759.121, Some-college,10.0, Divorced, Unmarried, White, Male,0.0,65.0, <=50K
 Private,355710.28, Some-college,5.0, Never-married, Own-child, White, Male,0.0,60.0, <=50K
 Private,574583.8, HS-grad,9.0, Never-married, Not-in-family, White, Female,0.0,40.0, <=50K
 Private,714598.3, Doctorate,9.0, Married-civ-spouse, Not-in-family, White, Male,0.0,40.0, <=50K
 Private,356322.38, Bachelors,13.0, Never-married, Not-in-family, White, Male,0.0,40.0, <=50K
 Private,12288.474, 7th-8th,2.0, Married-civ-spouse, Husband, White, Male,0.0,99.0, <=50K
 Private,215229.08, HS-grad,9.0, Divorced, Unmarried, White, Female,0.0,40.0, <=50K
 Private,122758.61, HS-grad,9.0, Married-civ-spouse, Husband, White, Male,0.0,40.0, <=50K
 Private,186835.72, Assoc-acdm,10.0, Married-civ-spouse, Husband, White, Male,0.0,48.0, >50K
 Private,97504.07, 9th,14.0, Married-civ-spouse, Husband, White, Male,0.0,37.99878, <=50K
 Private,171939.72, 11th,7.0, Never-married, Own-child, White, Male,0.0,40.0, <=50K
 Private,51432.996, Bachelors,11.0, Married-civ-spouse, Husband, White, Male,0.0,40.0, >50K
 Private,116966.38, Masters,14.0, Separated, Unmarried, Black, Male,0.0,40.0, <=50K
 State-gov,238002.16, Bachelors,13.0, Married-civ-spouse, Husband, White, Male,0.0,99.0, >50K
 Private,160646.97, Some-college,10.0, Never-married, Unmarried, White, Female,0.0,40.0, <=50K
 Self-emp-not-inc,163529.78, 7th-8th,5.0, Married-spouse-absent, Not-in-family, White, Male,0.0,40.0, <=50K
 Local-gov,417043.47, Bachelors,13.0, Married-civ-spouse, Husband, White, Male,0.0,60.0, >50K
 Private,282302.38, HS-grad,9.0, Married-civ-spouse, Husband, White, Male,0.0,40.0, <=50K
 Private,79669.734, Assoc-voc,11.0, Widowed, Not-in-family, White, Male,0.0,20.0, <=50K
 Private,241668.81, HS-grad,10.0, Married-civ-spouse, Husband, White, Male,0.0,99.0, <=50K
 Private,112184.54, Some-college,10.0, Widowed, Not-in-family, White, Female,0.0,1.7175679, >50K
 State-gov,12328.774, Some-college,1.1281899, Divorced, Not-in-family, White, Male,0.0,40.0, <=50K
 Private,53940.07, Some-college,13.0, Never-married, Unmarried, White, Male,0.0,30.0, <=50K
 Private,503926.7, HS-grad,9.0, Married-civ-spouse, Husband, White, Male,0.0,40.0, <=50K
 Self-emp-inc,241714.58, 10th,10.0, Married-civ-spouse, Husband, White, Male,0.0,50.0, <=50K
 Private,239777.94, Some-college,10.0, Divorced, Not-in-family, White, Male,0.0,50.0, <=50K
 State-gov,427828.2, HS-grad,9.0, Divorced, Not-in-family, White, Female,0.0,40.0, <=50K
 Private,89071.14, HS-grad,10.0, Married-civ-spouse, Husband, White, Male,0.0,40.0, <=50K
 Private,161108.72, 10th,2.1400192, Married-civ-spouse, Own-child, White, Male,0.0,40.0, <=50K
 Private,39180.605, HS-grad,9.0, Married-civ-spouse, Own-child, White, Male,0.0,45.0, <=50K
 Private,426399.53, HS-grad,7.0, Never-married, Own-child, White, Male,0.0,40.0, <=50K
 Private,586771.3, Some-college,9.0, Never-married, Not-in-family, White, Male,0.0,1.0429085, <=50K
 Private,174249.02, 7th-8th,9.0, Never-married, Own-child, White, Female,0.0,20.0, <=50K
 Self-emp-not-inc,255233.8, HS-grad,9.0, Divorced, Not-in-family, White, Female,0.0,84.0, <=50K
 Private,204889.2, Bachelors,13.0, Married-civ-spouse, Husband, White, Male,0.0,40.0, >50K
 Private,270526.47, HS-grad,7.0, Married-civ-spouse, Husband, White, Male,0.0,35.0, <=50K
 Private,580217.2, Assoc-acdm,16.0, Married-civ-spouse, Own-child, White, Male,0.0,40.0, >50K
 Private,271530.25, Bachelors,13.0, Married-civ-spouse, Husband, White, Male,0.0,65.0, <=50K
 Private,312687.1, Bachelors,13.0, Married-civ-spouse, Husband, White, Male,0.0,70.0, >50K
 Local-gov,182695.14, Some-college,10.0, Never-married, Own-child, White, Female,0.0,1.399625, <=50K
 Private,339376.1, 12th,9.0, Never-married, Own-child, White, Male,0.0,19.793697, <=50K
 Private,111785.4, Some-college,10.0, Married-civ-spouse, Husband, White, Male,0.0,60.0, >50K
 Private,361372.56, Bachelors,13.0, Never-married, Not-in-family, White, Female,0.0,40.0, <=50K
 Self-emp-not-inc,126811.5, Some-college,9.0, Never-married, Own-child, White, Male,0.0,40.0, >50K
 Private,190612.11, HS-grad,9.0, Married-civ-spouse, Husband, White, Male,0.0,40.0, <=50K
 Self-emp-inc,53923.5, HS-grad,9.0, Married-civ-spouse, Husband, White, Male,0.0,60.0, >50K
 ?,36346.92, HS-grad,9.0, Never-married, Own-child, White, Male,0.0,15.0, <=50K
 Local-gov,76418.79, Some-college,10.0, Never-married, Own-child, White, Male,0.0,4.0, <=50K
 Private,239508.53, HS-grad,10.0, Married-civ-spouse, Own-child, White, Male,0.0,40.0, <=50K
 Private,743150.4, Some-college,4.0, Divorced, Unmarried, White, Female,0.0,40.0, <=50K
 Private,436947.8, HS-grad,9.0, Married-civ-spouse, Not-in-family, White, Male,0.0,50.0, <=50K
 Private,400196.94, HS-grad,9.0, Never-married, Own-child, White, Female,0.0,40.0, <=50K
 Private,175094.61, HS-grad,7.0, Married-civ-spouse, Husband, White, Male,0.0,40.0, <=50K
 Private,199789.73, Assoc-voc,9.0, Never-married, Not-in-family, White, Male,0.0,83.83881, <=50K
 Private,37041.652, Bachelors,13.0, Never-married, Other-relative, White, Female,1977.0,40.0, <=50K
 Private,749826.6, Some-college,10.0, Married-civ-spouse, Husband, Black, Male,0.0,40.0, <=50K
 Private,166229.55, Bachelors,13.0, Never-married, Own-child, White, Female,0.0,40.0, <=50K
 Private,197631.73, HS-grad,9.0, Married-civ-spouse, Husband, White, Male,0.0,40.0, <=50K
 Private,91417.74, HS-grad,9.0, Married-civ-spouse, Husband, White, Male,0.0,40.0, <=50K
 ?,694654.25, Assoc-acdm,12.0, Never-married, Own-child, Black, Female,0.0,4.5748134, <=50K
 Private,122799.58, HS-grad,9.0, Married-civ-spouse, Husband, White, Male,0.0,84.0, <=50K
 Private,36374.688, Some-college,9.0, Never-married, Own-child, Black, Female,0.0,40.0, <=50K
 Private,352452.22, HS-grad,9.0, Never-married, Unmarried, White, Female,0.0,40.0, <=50K
 Private,361523.4, Prof-school,15.0, Married-civ-spouse, Husband, White, Male,0.0,40.0, >50K
 Private,270702.47, Some-college,10.0, Married-civ-spouse, Husband, White, Male,0.0,99.0, <=50K
 State-gov,186760.89, Some-college,10.0, Married-civ-spouse, Husband, White, Male,0.0,48.0, <=50K
 Local-gov,343951.16, HS-grad,9.0, Married-civ-spouse, Husband, White, Male,0.0,60.738747, <=50K
 Private,288180.72, Assoc-acdm,12.0, Married-civ-spouse, Husband, White, Male,2191.6128,99.0, >50K
 Private,200727.48, Bachelors,13.0, Married-civ-spouse, Own-child, White, Male,0.0,40.0, >50K
 Private,45755.0, Bachelors,13.0, Married-civ-spouse, Husband, White, Male,0.0,40.0, <=50K
 Private,517787.44, Bachelors,3.0, Married-civ-spouse, Wife, White, Female,0.0,52.0, <=50K
 Private,98852.94, 12th,7.0, Married-civ-spouse, Not-in-family, White, Male,0.0,40.0, <=50K
 Private,389804.5, HS-grad,9.0, Divorced, Own-child, White, Female,0.0,12.0, <=50K
 Private,181642.69, HS-grad,9.0, Never-married, Own-child, White, Male,0.0,40.0, <=50K
 ?,341370.9, HS-grad,9.0, Married-civ-spouse, Husband, White, Male,0.0,40.0, <=50K
 Private,118496.914, 11th,9.0, Never-married, Not-in-family, White, Female,0.0,7.293917, <=50K
 Private,253699.16, Some-college,10.0, Never-married, Own-child, Black, Male,0.0,40.0, <=50K
 Private,27100.62, HS-grad,6.0, Never-married, Not-in-family, White, Male,0.0,45.0, <=50K
 Private,204809.52, Assoc-acdm,13.0, Married-civ-spouse, Husband, White, Male,0.0,25.0, <=50K
 Private,72956.25, Assoc-voc,11.0, Divorced, Not-in-family, White, Male,0.0,40.0, <=50K
 Private,244422.23, Masters,1.0, Divorced, Wife, White, Female,0.0,1.0094485, <=50K
 Private,40156.414, HS-grad,10.0, Never-married, Not-in-family, White, Male,0.0,40.0, <=50K
 Private,320625.94, Some-college,4.0, Married-civ-spouse, Husband, White, Male,0.0,40.0, >50K
 Local-gov,361762.72, Bachelors,13.0, Divorced, Not-in-family, White, Female,0.0,20.0, <=50K
 Private,250812.2, HS-grad,9.0, Married-civ-spouse, Not-in-family, White, Male,0.0,40.0, <=50K
 Private,349585.7, Doctorate,15.0, Married-civ-spouse, Husband, White, Male,0.0,40.0, >50K
 Private,36508.9, Some-college,10.0, Never-married, Not-in-family, White, Male,0.0,40.0, <=50K
 Private,187614.5, 12th,9.0, Married-civ-spouse, Husband, White, Male,0.0,45.0, <=50K
 Private,12528.904, HS-grad,13.0, Separated, Not-in-family, White, Male,0.0,40.0, <=50K
 State-gov,320501.44, Bachelors,13.0, Married-civ-spouse, Husband, White, Male,0.0,40.0, <=50K
 Private,158062.98, Bachelors,13.0, Married-civ-spouse, Husband, White, Male,0.0,20.0, >50K
 Private,27240.08, HS-grad,9.0, Divorced, Unmarried, White, Male,0.0,40.0, <=50K
 Local-gov,117383.79, 12th,1.0, Married-civ-spouse, Own-child, White, Male,0.0,40.0, <=50K
 Private,170478.55, Some-college,10.0, Married-civ-spouse, Husband, White, Male,0.0,40.0, <=50K
 Private,142744.94, Some-college,13.0, Married-civ-spouse, Husband, White, Male,0.0,40.0, <=50K
 Self-emp-inc,173631.25, HS-grad,10.0, Married-civ-spouse, Husband, White, Male,0.0,80.0, >50K
 Private,301715.5, HS-grad,7.0, Never-married, Own-child, White, Male,0.0,40.0, <=50K
 Self-emp-not-inc,25131.182, Some-college,10.0, Never-married, Own-child, White, Male,0.0,6.0, <=50K
 Private,245667.52, Masters,14.0, Married-civ-spouse, Husband, White, Male,0.0,46.0, <=50K
 Private,294971.72, Some-college,10.0, Married-civ-spouse, Wife, White, Female,0.0,40.0, <=50K
 Private,544571.06, HS-grad,9.0, Married-civ-spouse, Husband, White, Male,0.0,40.0, <=50K
 State-gov,144664.88, HS-grad,13.0, Married-civ-spouse, Wife, White, Female,0.0,40.0, <=50K
 Private,30861.557, Bachelors,13.0, Married-civ-spouse, Husband, White, Male,0.0,99.0, <=50K
 Private,84341.45, HS-grad,9.0, Married-civ-spouse, Husband, White, Male,0.0,45.0, >50K
 ?,142407.27, HS-grad,9.0, Never-married, Own-child, White, Female,0.0,12.0, <=50K
 Private,444349.12, Some-college,9.0, Married-civ-spouse, Own-child, White, Male,0.0,40.0, <=50K
 Private,119253.945, HS-grad,9.0, Married-civ-spouse, Not-in-family, White, Male,0.0,40.0, <=50K
 Private,71186.69, Some-college,10.0, Married-civ-spouse, Wife, White, Female,0.0,40.0, <=50K
 Private,189801.81, Some-college,10.0, Never-married, Own-child, White, Female,0.0,40.0, <=50K
 Private,31434.588, 11th,7.0, Widowed, Unmarried, White, Female,0.0,20.0, <=50K
 Private,218148.48, Masters,16.0, Married-civ-spouse, Not-in-family, White, Male,0.0,15.0, <=50K
 Private,627173.0, Bachelors,13.0, Married-civ-spouse, Unmarried, White, Male,0.0,35.0, <=50K
 Private,262888.6, 11th,7.0, Married-civ-spouse, Husband, White, Male,0.0,40.0, <=50K
 Private,301774.1, HS-grad,4.0, Married-civ-spouse, Husband, White, Male,0.0,40.0, <=50K
 Private,292678.5, Bachelors,16.0, Married-civ-spouse, Not-in-family, White, Male,0.0,99.0, <=50K
 Private,110914.836, Some-college,10.0, Married-civ-spouse, Husband, White, Male,0.0,40.0, <=50K
 Private,241276.7, Masters,14.0, Divorced, Not-in-family, White, Female,0.0,40.0, <=50K
 Private,193905.31, Bachelors,13.0, Married-civ-spouse, Husband, White, Male,0.0,50.0, <=50K
 Private,99056.17, HS-grad,9.0, Married-civ-spouse, Husband, White, Male,0.0,32.0, <=50K
 Private,538783.8, Masters,14.0, Never-married, Not-in-family, Black, Male,0.0,40.0, <=50K
 Private,258769.05, 12th,9.0, Divorced, Not-in-family, White, Female,0.0,60.0, <=50K
 Private,126618.24, Prof-school,9.0, Married-civ-spouse, Husband, White, Male,0.0,40.0, >50K
 Private,47359.797, HS-grad,9.0, Married-civ-spouse, Husband, Other, Male,0.0,40.0, <=50K
 Private,341947.88, Assoc-acdm,10.0, Married-civ-spouse, Husband, White, Male,0.0,40.0, <=50K
 Private,28346.484, Some-college,10.0, Never-married, Own-child, White, Male,0.0,10.0, <=50K
 Local-gov,98919.7, HS-grad,9.0, Never-married, Not-in-family, White, Female,0.0,40.0, <=50K
 ?,47411.04, Masters,14.0, Never-married, Own-child, White, Female,0.0,40.0, <=50K
 Private,217318.23, Some-college,10.0, Divorced, Not-in-family, White, Female,0.0,55.0, <=50K
 Self-emp-not-inc,200712.84, Bachelors,9.0, Married-civ-spouse, Own-child, Black, Male,0.0,40.0, <=50K
 Private,143124.03, Some-college,9.0, Never-married, Own-child, White, Male,0.0,10.0, <=50K
 Private,143762.62, HS-grad,10.0, Never-married, Other-relative, Black, Male,0.0,4.2889977, <=50K
 Private,330917.28, Bachelors,13.0, Married-civ-spouse, Husband, White, Male,0.0,40.0, <=50K
 Private,51685.81, Bachelors,13.0, Never-married, Own-child, White, Female,0.0,6.0, <=50K
 Private,170093.05, Assoc-voc,10.0, Married-spouse-absent, Husband, White, Male,0.0,40.0, <=50K
 Private,344578.47, HS-grad,9.0, Married-civ-spouse, Husband, White, Male,0.0,40.0, <=50K
 Private,30319.77, Bachelors,13.0, Married-civ-spouse, Husband, White, Male,0.0,60.0, <=50K
 Private,217489.44, Bachelors,13.0, Married-civ-spouse, Husband, White, Male,0.0,99.0, <=50K
 Private,29416.049, HS-grad,9.0, Married-civ-spouse, Husband, White, Male,0.0,40.0, >50K
 Private,270349.56, Bachelors,11.0, Married-civ-spouse, Husband, White, Male,0.0,40.0, <=50K
 Private,507431.94, Some-college,1.0, Married-civ-spouse, Husband, White, Male,0.0,30.0, <=50K
 Private,26155.357, Some-college,10.0, Married-civ-spouse, Husband, White, Male,0.0,40.0, <=50K
 Local-gov,250739.53, HS-grad,9.0, Married-civ-spouse, Husband, White, Male,0.0,40.0, >50K
 Local-gov,249943.02, Bachelors,13.0, Never-married, Own-child, White, Male,0.0,40.0, <=50K
 Private,280018.94, HS-grad,9.0, Never-married, Own-child, White, Female,0.0,25.0, <=50K
 Private,30206.14, 7th-8th,3.0, Married-civ-spouse, Husband, White, Male,0.0,40.0, <=50K
 Private,33163.055, Assoc-acdm,12.0, Never-married, Own-child, White, Male,0.0,40.0, <=50K
 Private,664784.2, HS-grad,9.0, Never-married, Unmarried, White, Male,0.0,40.0, <=50K
 ?,194284.55, HS-grad,9.0, Married-civ-spouse, Husband, White, Male,0.0,40.0, <=50K
 Self-emp-not-inc,588553.8, Some-college,10.0, Never-married, Not-in-family, White, Male,0.0,99.0, <=50K
 Private,162324.7, HS-grad,9.0, Never-married, Unmarried, White, Female,0.0,10.0, <=50K
 Private,361996.62, 11th,7.0, Never-married, Own-child, White, Female,0.0,15.0, <=50K
 Private,291836.28, Bachelors,11.0, Never-married, Other-relative, White, Female,0.0,40.0, >50K
 Private,109293.87, 12th,1.0, Married-civ-spouse, Wife, White, Female,0.0,40.0, <=50K
 Private,111507.84, Some-college,10.0, Married-civ-spouse, Husband, White, Male,0.0,40.0, <=50K
 Private,208520.61, Some-college,2.0, Married-civ-spouse, Wife, White, Male,0.0,40.0, >50K
 Private,315463.22, Some-college,10.0, Divorced, Other-relative, White, Female,0.0,40.0, <=50K
 Private,446977.0, HS-grad,9.0, Never-married, Wife, White, Female,0.0,60.0, <=50K
 ?,349645.47, Some-college,10.0, Never-married, Own-child, Black, Female,0.0,40.0, <=50K
 Private,131207.8, Some-college,10.0, Never-married, Own-child, White, Male,0.0,15.0, <=50K
 Self-emp-not-inc,387738.34, HS-grad,4.0, Married-civ-spouse, Not-in-family, White, Male,0.0,30.0, <=50K
 Private,27464.213, Bachelors,13.0, Married-civ-spouse, Husband, White, Male,0.0,90.192635, >50K
 Private,191240.17, HS-grad,9.0, Married-civ-spouse, Husband, White, Male,0.0,80.0, >50K
 Private,320068.72, 12th,9.0, Never-married, Own-child, White, Female,0.0,40.0, >50K
 Private,34759.04, 9th,3.0, Never-married, Own-child, White, Male,0.0,40.0, <=50K
 Private,405671.12, Some-college,10.0, Never-married, Not-in-family, Black, Female,0.0,40.0, <=50K
 Private,29710.064, HS-grad,9.0, Never-married, Own-child, White, Male,0.0,40.0, <=50K
 Private,272927.75, Some-college,9.0, Married-civ-spouse, Husband, White, Male,0.0,40.0, <=50K
 Private,69796.5, Some-college,10.0, Never-married, Not-in-family, White, Male,0.0,40.0, <=50K
 ?,290284.38, HS-grad,9.0, Married-civ-spouse, Husband, White, Male,0.0,40.0, <=50K
 Private,159245.4, Bachelors,13.0, Married-civ-spouse, Husband, White, Male,0.0,40.0, <=50K
 Private,421634.2, HS-grad,9.0, Married-civ-spouse, Husband, White, Male,0.0,40.0, <=50K
 Self-emp-not-inc,230330.08, HS-grad,10.0, Never-married, Own-child, White, Male,0.0,60.0, <=50K
 Private,490794.88, Bachelors,13.0, Never-married, Not-in-family, White, Male,0.0,99.0, <=50K
 Private,75904.375, Bachelors,13.0, Divorced, Unmarried, White, Female,0.0,40.0, <=50K
 Private,24780.04, HS-grad,9.0, Married-civ-spouse, Husband, White, Male,1977.0,40.0, <=50K
 Private,301635.2, HS-grad,9.0, Separated, Own-child, White, Female,0.0,20.0, <=50K
 Private,402285.53, HS-grad,9.0, Married-civ-spouse, Husband, White, Male,0.0,40.0, <=50K
 Private,404870.16, HS-grad,10.0, Married-civ-spouse, Own-child, Asian-Pac-Islander, Male,0.0,40.0, <=50K
 Private,373952.2, 12th,10.0, Married-civ-spouse, Husband, White, Male,0.0,40.0, <=50K
 Private,183331.95, HS-grad,9.0, Married-civ-spouse, Husband, White, Male,0.0,80.0, >50K
 Private,192734.4, Bachelors,13.0, Never-married, Not-in-family, White, Male,0.0,40.0, <=50K
 Private,32834.11, HS-grad,9.0, Divorced, Not-in-family, White, Male,0.0,98.86986, >50K
 State-gov,33097.523, Bachelors,13.0, Divorced, Not-in-family, White, Female,0.0,25.0, <=50K
 ?,20660.004, 11th,7.0, Divorced, Unmarried, White, Female,0.0,8.0, <=50K
 Private,419230.6, HS-grad,9.0, Married-civ-spouse, Husband, White, Male,0.0,40.0, <=50K
 Private,62101.535, Some-college,10.0, Married-civ-spouse, Husband, White, Male,0.0,40.0, <=50K
 Local-gov,111553.586, Masters,14.0, Divorced, Not-in-family, White, Female,0.0,40.0, <=50K
 Private,270511.38, Bachelors,13.0, Never-married, Unmarried, White, Male,0.0,12.0, <=50K
 Private,296488.3, HS-grad,9.0, Never-married, Not-in-family, White, Female,0.0,40.0, <=50K
 Private,341429.53, HS-grad,13.0, Never-married, Not-in-family, White, Male,0.0,12.0, <=50K
 Self-emp-inc,140616.02, 9th,13.0, Married-civ-spouse, Unmarried, White, Male,0.0,40.0, >50K
 Private,191339.3, HS-grad,9.0, Never-married, Own-child, White, Male,0.0,40.0, <=50K
 Private,21289.93, Some-college,10.0, Married-civ-spouse, Husband, White, Male,0.0,40.0, <=50K
 Private,335025.03, HS-grad,9.0, Married-civ-spouse, Husband, White, Male,0.0,99.0, <=50K
 Private,146978.66, Some-college,10.0, Never-married, Unmarried, White, Male,0.0,35.0, <=50K
 Private,373193.8, Bachelors,13.0, Married-civ-spouse, Husband, White, Male,0.0,40.0, >50K
 Private,362265.0, 7th-8th,14.0, Married-civ-spouse, Not-in-family, White, Male,0.0,35.0, <=50K
 Private,108771.73, HS-grad,9.0, Never-married, Not-in-family, White, Female,0.0,99.0, <=50K
 Private,233221.34, 9th,6.0, Married-civ-spouse, Husband, White, Male,0.0,40.0, <=50K
 Private,360599.78, HS-grad,9.0, Divorced, Not-in-family, White, Male,0.0,42.0, <=50K
 Private,70606.52, Assoc-voc,11.0, Never-married, Own-child, White, Female,0.0,40.0, <=50K
 ?,203381.48, 10th,6.0, Widowed, Unmarried, White, Female,0.0,8.0, <=50K
 Private,199563.62, HS-grad,12.0, Married-civ-spouse, Wife, White, Male,0.0,60.0, <=50K
 Private,185036.69, 10th,10.0, Never-married, Not-in-family, White, Male,0.0,30.0, <=50K
 Private,218849.4, HS-grad,9.0, Married-civ-spouse, Husband, White, Male,0.0,40.0, <=50K
 Self-emp-not-inc,504179.12, Masters,14.0, Married-civ-spouse, Husband, White, Male,0.0,99.0, >50K
 Private,560128.0, HS-grad,7.0, Married-civ-spouse, Wife, White, Male,0.0,74.64262, <=50K
 Private,170493.19, HS-grad,9.0, Married-civ-spouse, Husband, White, Male,0.0,40.0, <=50K
 Private,334073.84, Some-college,10.0, Never-married, Own-child, White, Male,0.0,40.0, <=50K
 Private,430137.84, HS-grad,9.0, Divorced, Not-in-family, White, Female,0.0,30.0, <=50K
 Private,269043.5, Some-college,10.0, Never-married, Not-in-family, White, Male,0.0,40.0, <=50K
 Private,79118.336, Some-college,10.0, Married-civ-spouse, Husband, White, Male,0.0,40.0, <=50K
 Private,128616.875, Some-college,10.0, Never-married, Other-relative, White, Male,0.0,40.0, <=50K
 ?,114745.555, Some-college,10.0, Married-civ-spouse, Husband, White, Male,0.0,1.0097781, <=50K
 Private,34165.887, Bachelors,13.0, Never-married, Not-in-family, White, Male,0.0,60.0, <=50K
 Private,326220.62, 12th,7.0, Never-married, Own-child, White, Male,0.0,40.0, <=50K
 Private,93919.8, 9th,9.0, Married-civ-spouse, Husband, White, Male,0.0,52.758743, <=50K
 Private,344277.97, Some-college,10.0, Never-married, Not-in-family, White, Male,0.0,81.016556, <=50K
 Private,414255.28, HS-grad,9.0, Divorced, Not-in-family, White, Female,0.0,55.0, <=50K
 Self-emp-not-inc,289853.9, Assoc-acdm,12.0, Married-civ-spouse, Husband, White, Male,0.0,40.0, <=50K
 Private,33082.957, Bachelors,13.0, Married-civ-spouse, Husband, White, Male,0.0,99.0, >50K
 ?,127220.93, Some-college,12.0, Never-married, Own-child, White, Male,0.0,40.0, <=50K
 Private,30629.113, Bachelors,13.0, Married-civ-spouse, Husband, White, Male,0.0,40.0, <=50K
 Private,165715.45, HS-grad,9.0, Married-civ-spouse, Husband, White, Male,0.0,80.0, <=50K
 Self-emp-inc,271048.38, Masters,14.0, Married-civ-spouse, Husband, White, Male,0.0,40.0, <=50K
 Private,60586.363, Masters,14.0, Married-civ-spouse, Husband, White, Male,0.0,60.0, >50K
 Without-pay,236458.69, 11th,10.0, Never-married, Other-relative, White, Male,0.0,50.0, <=50K
 Private,109128.836, Masters,14.0, Married-civ-spouse, Husband, White, Male,0.0,60.0, <=50K
 Private,199416.95, Assoc-voc,11.0, Married-civ-spouse, Husband, White, Male,0.0,40.0, <=50K
 State-gov,148362.84, Bachelors,13.0, Divorced, Not-in-family, White, Female,0.0,40.0, <=50K
 Private,102893.484, HS-grad,9.0, Never-married, Own-child, Black, Female,0.0,40.0, <=50K
 Private,58328.234, Some-college,10.0, Never-married, Not-in-family, White, Female,0.0,3.7908065, <=50K
 Private,277664.62, Masters,14.0, Married-civ-spouse, Husband, White, Male,0.0,40.0, >50K
 Private,123066.43, 11th,7.0, Never-married, Own-child, White, Female,0.0,4.3398952, <=50K
 Private,596729.0, Bachelors,13.0, Married-civ-spouse, Wife, Black, Female,0.0,40.0, >50K
 Private,172746.3, HS-grad,9.0, Married-civ-spouse, Husband, White, Male,0.0,40.0, <=50K
 Local-gov,35778.047, Assoc-voc,11.0, Divorced, Not-in-family, White, Male,0.0,40.0, <=50K
 Private,326104.62, Bachelors,13.0, Married-civ-spouse, Husband, White, Male,0.0,40.0, <=50K
 Private,277944.9, 12th,10.0, Never-married, Unmarried, White, Male,0.0,40.0, <=50K
 Private,179540.97, 12th,6.0, Never-married, Not-in-family, White, Male,0.0,45.0, <=50K
 Private,169949.0, Some-college,10.0, Never-married, Own-child, White, Female,0.0,40.0, <=50K
 Private,53639.53, Some-college,10.0, Married-civ-spouse, Husband, White, Male,0.0,40.0, <=50K
 Private,334140.5, Some-college,13.0, Never-married, Not-in-family, White, Female,0.0,40.0, <=50K
 Private,20669.88, HS-grad,9.0, Never-married, Not-in-family, Black, Female,0.0,40.0, <=50K
 Private,233056.44, Bachelors,13.0, Never-married, Not-in-family, White, Female,0.0,40.0, <=50K
 Private,375218.66, HS-grad,9.0, Never-married, Own-child, White, Female,0.0,4.0, <=50K
 Private,334594.8, Some-college,10.0, Married-civ-spouse, Husband, White, Male,0.0,99.0, >50K
 Private,210250.95, 11th,4.5786695, Never-married, Other-relative, White, Male,0.0,40.0, <=50K
 Self-emp-not-inc,188848.25, Masters,14.0, Married-civ-spouse, Husband, White, Male,0.0,1.4169457, >50K
 Private,949564.25, Assoc-acdm,10.0, Married-civ-spouse, Not-in-family, White, Male,0.0,40.0, <=50K
 Private,213909.6, Assoc-acdm,12.0, Never-married, Not-in-family, White, Male,0.0,50.0, <=50K
 Private,146730.97, Bachelors,13.0, Married-civ-spouse, Husband, White, Male,0.0,40.0, >50K
 Private,182353.03, Bachelors,14.0, Married-civ-spouse, Husband, White, Male,0.0,55.0, <=50K
 Private,332797.94, HS-grad,9.0, Never-married, Own-child, White, Male,0.0,10.0, <=50K
 Private,121504.42, Bachelors,13.0, Never-married, Not-in-family, Black, Female,0.0,40.0, <=50K
 Private,27523.209, Bachelors,13.0, Married-civ-spouse, Wife, White, Male,0.0,99.0, >50K
 Private,513333.22, HS-grad,10.0, Never-married, Not-in-family, White, Male,0.0,50.0, <=50K
 Private,97320.13, Some-college,10.0, Married-civ-spouse, Husband, White, Male,0.0,99.0, <=50K
 Self-emp-not-inc,459348.44, HS-grad,9.0, Married-civ-spouse, Husband, White, Male,0.0,50.0, <=50K
 Private,111523.06, Prof-school,15.0, Married-civ-spouse, Husband, White, Male,0.0,40.0, >50K
 Self-emp-not-inc,27932.451, Assoc-acdm,12.0, Never-married, Not-in-family, White, Male,0.0,75.0, <=50K
 Private,316242.72, Bachelors,14.0, Married-civ-spouse, Husband, Black, Male,0.0,40.0, <=50K
 Private,117929.59, 11th,7.0, Never-married, Not-in-family, White, Male,0.0,40.0, <=50K
 Private,212470.67, Bachelors,13.0, Married-civ-spouse, Husband, White, Male,0.0,1.4689798, <=50K
 Private,164967.55, HS-grad,6.811089, Married-civ-spouse, Not-in-family, White, Male,0.0,50.0, <=50K
 State-gov,330788.16, HS-grad,9.0, Never-married, Not-in-family, White, Female,0.0,40.0, <=50K
 Private,479684.84, Bachelors,13.0, Never-married, Not-in-family, White, Male,0.0,40.0, >50K
 Private,66096.36, Masters,14.0, Married-civ-spouse, Wife, White, Female,0.0,40.0, <=50K
 Self-emp-not-inc,21309.586, Bachelors,13.0, Married-civ-spouse, Husband, White, Male,0.0,40.0, <=50K
 Private,297559.4, Some-college,10.0, Never-married, Own-child, Other, Female,0.0,85.26876, <=50K
 Private,148439.66, Some-college,9.0, Never-married, Not-in-family, White, Male,0.0,50.0, <=50K
 Private,26112.787, Some-college,10.0, Married-civ-spouse, Own-child, White, Male,0.0,40.0, <=50K
 Private,36157.77, 10th,6.0, Married-civ-spouse, Husband, White, Male,0.0,40.0, >50K
 Self-emp-not-inc,137740.06, 10th,3.0, Married-civ-spouse, Husband, White, Male,0.0,45.0, <=50K
 Private,12298.261, Masters,1.0, Married-civ-spouse, Husband, White, Male,0.0,99.0, <=50K
 Private,165218.25, 10th,9.0, Married-civ-spouse, Husband, White, Male,0.0,45.0, <=50K
 Private,160726.72, Masters,14.0, Married-civ-spouse, Husband, White, Male,0.0,45.0, >50K
 Private,124212.79, HS-grad,9.0, Married-civ-spouse, Husband, White, Male,0.0,40.0, >50K
 Private,23055.191, HS-grad,9.0, Married-civ-spouse, Husband, White, Male,0.0,40.0, >50K
 Private,283844.3, 7th-8th,9.0, Divorced, Husband, White, Male,0.0,99.0, <=50K
 Private,39771.29, HS-grad,9.0, Married-civ-spouse, Husband, White, Male,0.0,99.0, <=50K
 Private,70623.98, HS-grad,9.0, Divorced, Not-in-family, White, Female,0.0,40.0, <=50K
 Private,452584.6, HS-grad,10.0, Divorced, Wife, White, Male,0.0,55.0, <=50K
 Private,41634.668, HS-grad,9.0, Never-married, Own-child, White, Male,0.0,5.3416233, <=50K
 Private,372521.7, 11th,7.0, Married-civ-spouse, Husband, White, Male,0.0,40.0, <=50K
 Private,140074.94, HS-grad,9.0, Divorced, Other-relative, White, Male,0.0,40.0, <=50K
 Private,165294.25, Assoc-acdm,13.0, Married-civ-spouse, Husband, White, Male,0.0,38.0, <=50K
 Private,190885.11, HS-grad,9.0, Never-married, Not-in-family, White, Male,0.0,40.0, <=50K
 Private,142449.31, HS-grad,9.0, Divorced, Unmarried, White, Female,0.0,40.0, <=50K
 Self-emp-not-inc,63346.684, HS-grad,9.0, Married-civ-spouse, Husband, White, Male,0.0,99.0, <=50K
 Private,258092.39, Assoc-acdm,10.0, Never-married, Not-in-family, White, Female,0.0,20.0, <=50K
 Private,241139.39, 12th,9.0, Married-civ-spouse, Own-child, Black, Male,0.0,65.0, <=50K
 Self-emp-not-inc,212955.8, Prof-school,15.0, Married-civ-spouse, Husband, White, Male,0.0,2.1767986, >50K
 Private,290546.3, 12th,10.0, Never-married, Not-in-family, Black, Male,0.0,30.0, <=50K
 Private,48285.918, Some-college,10.0, Never-married, Not-in-family, White, Female,0.0,55.0, <=50K
 Private,193164.12, Some-college,9.0, Married-civ-spouse, Own-child, White, Female,0.0,40.0, <=50K
 Private,220773.11, 7th-8th,4.0, Married-civ-spouse, Husband, White, Male,0.0,86.890465, >50K
 Private,29423.879, Some-college,10.0, Married-civ-spouse, Wife, White, Female,0.0,18.0, <=50K
 Private,171628.33, Some-college,10.0, Married-civ-spouse, Husband, White, Male,0.0,25.0, <=50K
 Private,263785.72, HS-grad,9.0, Married-civ-spouse, Husband, White, Male,0.0,40.0, <=50K
 Private,163039.05, HS-grad,9.0, Divorced, Not-in-family, White, Female,0.0,40.0, <=50K
 Private,215429.17, Some-college,10.0, Never-married, Own-child, White, Female,0.0,20.0, <=50K
 State-gov,102046.27, HS-grad,9.0, Never-married, Not-in-family, Black, Female,0.0,40.0, <=50K
 Private,109693.03, 7th-8th,4.0, Never-married, Not-in-family, White, Male,0.0,50.0, <=50K
 Private,53035.746, HS-grad,9.0, Married-civ-spouse, Husband, White, Male,0.0,93.36686, >50K
 Private,185156.77, HS-grad,9.0, Married-civ-spouse, Own-child, White, Male,0.0,40.0, >50K
 Private,38182.42, 10th,4.0, Divorced, Other-relative, White, Female,0.0,43.0, <=50K
 Private,118796.04, Some-college,10.0, Divorced, Not-in-family, White, Female,0.0,40.0, <=50K
 Private,180538.42, Preschool,9.0, Married-civ-spouse, Husband, White, Male,0.0,60.0, <=50K
 ?,125261.8, Some-college,10.0, Married-civ-spouse, Husband, White, Male,0.0,1.0337421, <=50K
 Private,254076.45, HS-grad,9.0, Divorced, Not-in-family, White, Female,0.0,40.0, <=50K
 Private,300043.12, 12th,6.0, Married-civ-spouse, Husband, White, Male,0.0,40.0, >50K
 Private,222143.84, HS-grad,9.0, Never-married, Own-child, White, Male,0.0,3.047301, <=50K
 Private,265692.7, Some-college,10.0, Widowed, Not-in-family, White, Female,0.0,2.779986, <=50K
 Self-emp-not-inc,39743.402, HS-grad,9.0, Married-civ-spouse, Husband, White, Male,0.0,40.0, >50K
 Private,187537.7, Bachelors,13.0, Married-civ-spouse, Husband, White, Male,0.0,60.0, <=50K
 Private,328789.94, HS-grad,9.0, Never-married, Own-child, White, Male,0.0,40.0, <=50K
 Private,292549.66, HS-grad,9.0, Never-married, Not-in-family, White, Male,0.0,40.0, <=50K
 ?,275481.2, HS-grad,9.0, Never-married, Own-child, White, Male,0.0,60.0, <=50K
 Federal-gov,230686.86, Masters,15.0, Married-civ-spouse, Own-child, White, Male,0.0,1.0001869, <=50K
 Self-emp-not-inc,333494.94, Some-college,10.0, Married-civ-spouse, Husband, White, Male,0.0,40.0, <=50K
 Private,225076.81, HS-grad,9.0, Never-married, Not-in-family, White, Male,0.0,40.0, <=50K
 Private,746042.2, Some-college,10.0, Married-civ-spouse, Wife, White, Female,0.0,40.0, <=50K
 Private,306502.25, HS-grad,9.0, Never-married, Not-in-family, White, Male,0.0,35.0, <=50K
 Private,123046.95, HS-grad,9.0, Divorced, Not-in-family, White, Female,0.0,4.627145, <=50K
 Private,210971.38, 11th,7.0, Never-married, Unmarried, Black, Female,0.0,40.0, <=50K
 Private,30970.156, Bachelors,13.0, Divorced, Not-in-family, White, Female,0.0,99.0, <=50K
 Private,390678.03, HS-grad,10.0, Married-spouse-absent, Wife, White, Male,0.0,99.0, >50K
 Private,172749.8, Bachelors,13.0, Never-married, Not-in-family, White, Male,0.0,45.0, <=50K
 Private,326869.38, Some-college,10.0, Married-civ-spouse, Husband, White, Male,0.0,40.0, >50K
 Private,242612.06, HS-grad,9.0, Separated, Not-in-family, White, Female,0.0,20.0, <=50K
 Private,80221.5, Some-college,10.0, Never-married, Not-in-family, White, Female,0.0,40.0, <=50K
 Private,334012.25, Some-college,12.0, Never-married, Own-child, White, Male,0.0,40.0, <=50K
 Private,121999.67, Some-college,10.0, Married-civ-spouse, Husband, White, Male,0.0,40.0, >50K
 State-gov,299781.4, HS-grad,9.0, Divorced, Unmarried, White, Female,0.0,40.0, <=50K
 State-gov,133222.58, Masters,14.0, Married-civ-spouse, Husband, White, Male,0.0,40.0, >50K
 ?,27410.885, Some-college,10.0, Never-married, Own-child, White, Male,0.0,40.0, <=50K
 Private,208494.05, Bachelors,13.0, Married-civ-spouse, Husband, White, Male,0.0,60.0, >50K
 Private,109008.18, Assoc-voc,9.0, Married-civ-spouse, Own-child, White, Male,0.0,45.0, <=50K
 Self-emp-not-inc,12903.295, 12th,13.0, Married-civ-spouse, Husband, White, Male,0.0,40.0, >50K
 Private,423286.3, 9th,5.0, Married-civ-spouse, Not-in-family, White, Male,0.0,40.0, <=50K
 Private,32862.246, 7th-8th,4.0, Married-civ-spouse, Husband, White, Male,0.0,40.0, <=50K
 Private,164177.08, HS-grad,9.0, Married-civ-spouse, Husband, White, Male,0.0,40.0, <=50K
 Private,371980.88, HS-grad,9.0, Never-married, Own-child, Black, Male,0.0,35.0, <=50K
 Private,408806.38, HS-grad,9.0, Married-civ-spouse, Husband, White, Male,0.0,40.0, >50K
 Private,346556.9, Some-college,5.0, Married-civ-spouse, Husband, White, Male,0.0,37.0, <=50K
 Private,416637.97, Some-college,10.0, Married-civ-spouse, Husband, White, Male,0.0,40.0, >50K
 Self-emp-inc,199039.77, HS-grad,9.0, Married-civ-spouse, Husband, White, Male,0.0,99.0, >50K
 Private,103334.07, Prof-school,16.0, Never-married, Own-child, White, Male,0.0,40.0, <=50K
 Private,201965.27, Masters,14.0, Married-civ-spouse, Husband, White, Male,0.0,50.0, <=50K
 Private,21979.39, Bachelors,13.0, Never-married, Not-in-family, White, Male,0.0,40.0, >50K
 Private,113626.266, HS-grad,9.0, Married-civ-spouse, Husband, White, Male,0.0,50.0, <=50K
 Private,192409.62, HS-grad,7.0, Married-civ-spouse, Own-child, White, Male,0.0,50.0, >50K
 Private,195199.08, 7th-8th,9.0, Married-civ-spouse, Own-child, White, Male,0.0,40.0, <=50K
 Private,184189.77, HS-grad,10.0, Married-spouse-absent, Unmarried, White, Male,0.0,40.0, <=50K
 Self-emp-not-inc,174337.84, HS-grad,9.0, Married-civ-spouse, Not-in-family, White, Male,0.0,30.0, <=50K
 Private,182934.6, HS-grad,10.0, Never-married, Own-child, Black, Male,0.0,60.0, <=50K
 Private,244133.75, Bachelors,13.0, Married-civ-spouse, Own-child, White, Female,0.0,40.0, <=50K
 Private,267161.34, Some-college,9.0, Married-civ-spouse, Not-in-family, White, Male,0.0,40.0, >50K
 Private,21893.041, HS-grad,9.0, Married-civ-spouse, Husband, White, Male,0.0,40.0, <=50K
 Private,456125.62, 10th,14.0, Never-married, Own-child, White, Male,0.0,35.0, <=50K
 Private,195967.83, Some-college,10.0, Separated, Other-relative, White, Female,0.0,1.7798318, <=50K
 Private,292036.1, 11th,10.0, Never-married, Not-in-family, White, Female,0.0,40.0, <=50K
 Private,282860.4, HS-grad,9.0, Married-civ-spouse, Husband, White, Male,0.0,40.0, <=50K
 Private,467201.22, Some-college,12.0, Divorced, Not-in-family, White, Female,0.0,32.0, <=50K
 Private,182715.88, HS-grad,9.0, Never-married, Unmarried, White, Female,0.0,40.0, <=50K
 Private,208422.08, Some-college,14.0, Married-civ-spouse, Husband, White, Male,0.0,40.0, >50K
 Private,103769.44, Some-college,10.0, Married-civ-spouse, Husband, White, Male,0.0,40.0, >50K
 Private,25180.922, Some-college,10.0, Never-married, Own-child, White, Female,0.0,15.0, <=50K
 Private,199572.67, HS-grad,9.0, Married-civ-spouse, Husband, White, Male,0.0,40.0, <=50K
 Private,134637.58, HS-grad,9.0, Married-civ-spouse, Husband, White, Male,0.0,40.0, <=50K
 Local-gov,246938.72, HS-grad,9.0, Never-married, Own-child, White, Female,0.0,8.0, <=50K
 Private,32983.117, HS-grad,9.0, Married-civ-spouse, Husband, White, Male,0.0,65.0, >50K
 Private,235961.83, Some-college,10.0, Married-civ-spouse, Husband, White, Male,0.0,80.0, <=50K
 Private,182315.08, Masters,14.0, Never-married, Not-in-family, White, Male,0.0,61.926464, <=50K
 Private,492885.16, Prof-school,15.0, Never-married, Not-in-family, White, Male,0.0,40.0, <=50K
 Private,21967.324, Bachelors,7.0, Married-spouse-absent, Own-child, White, Female,0.0,40.0, <=50K
 Private,23491.723, Some-college,10.0, Never-married, Own-child, White, Male,0.0,12.221389, <=50K
 Private,226438.78, Bachelors,13.0, Never-married, Own-child, White, Male,0.0,40.0, <=50K
 Self-emp-not-inc,53967.676, Masters,14.0, Married-civ-spouse, Husband, White, Male,0.0,3.372897, >50K
 Private,34136.504, Assoc-voc,13.0, Divorced, Not-in-family, White, Female,0.0,45.0, <=50K
 Private,65551.12, Bachelors,9.0, Married-civ-spouse, Husband, White, Male,0.0,40.0, >50K
 Private,36291.477, HS-grad,10.0, Never-married, Not-in-family, White, Male,0.0,40.0, <=50K
 Private,78721.586, 7th-8th,2.964459, Divorced, Unmarried, White, Male,0.0,80.0, <=50K
 Private,117806.414, Some-college,10.0, Never-married, Own-child, White, Male,0.0,30.0, >50K
 Private,82593.15, Bachelors,13.0, Married-civ-spouse, Husband, White, Male,0.0,99.0, >50K
 Private,392079.1, HS-grad,9.0, Never-married, Not-in-family, White, Male,0.0,40.0, <=50K
 Self-emp-not-inc,38442.94, Bachelors,13.0, Married-civ-spouse, Husband, White, Male,0.0,70.0, <=50K
 Private,353721.66, Some-college,10.0, Never-married, Own-child, White, Male,0.0,55.0, <=50K
 Private,58981.273, 11th,7.0, Divorced, Not-in-family, White, Female,0.0,40.0, <=50K
 Private,351260.44, Some-college,10.0, Married-civ-spouse, Husband, White, Male,0.0,80.0, >50K
 Private,142627.77, HS-grad,9.0, Married-civ-spouse, Husband, White, Male,0.0,40.0, >50K
 Private,44189.695, Bachelors,13.0, Married-civ-spouse, Husband, White, Male,0.0,40.0, >50K
 Private,31605.514, 11th,7.0, Never-married, Own-child, White, Male,0.0,4.0, <=50K
 Private,215970.95, Some-college,10.0, Divorced, Not-in-family, White, Female,0.0,40.0, <=50K
 Private,147261.0, HS-grad,9.0, Married-civ-spouse, Husband, White, Male,0.0,80.0, <=50K
 Private,111677.61, 7th-8th,4.0, Never-married, Not-in-family, White, Male,0.0,40.0, <=50K
 Private,150894.73, HS-grad,9.0, Divorced, Unmarried, White, Male,0.0,50.0, <=50K
 Private,204480.27, 7th-8th,10.0, Married-civ-spouse, Husband, White, Male,0.0,40.0, <=50K
 Private,278304.72, HS-grad,9.0, Divorced, Not-in-family, White, Male,0.0,40.0, <=50K
 ?,377052.03, 11th,7.0, Divorced, Unmarried, White, Female,0.0,40.0, <=50K
 Private,200116.52, HS-grad,9.0, Widowed, Own-child, White, Female,0.0,1.187195, <=50K
 Private,161402.14, HS-grad,9.0, Married-civ-spouse, Husband, White, Male,0.0,40.0, >50K
 Federal-gov,258393.58, Bachelors,13.0, Married-civ-spouse, Husband, White, Male,0.0,40.0, >50K
 Private,478583.12, 7th-8th,3.0, Divorced, Unmarried, White, Female,0.0,40.0, <=50K
 Self-emp-inc,24795.107, Masters,14.0, Married-civ-spouse, Wife, White, Female,0.0,40.0, >50K
 Self-emp-inc,37327.707, Some-college,10.0, Married-civ-spouse, Husband, White, Male,0.0,40.0, <=50K
 Private,262538.84, Some-college,10.0, Divorced, Own-child, White, Male,0.0,40.0, <=50K
 Private,26915.959, HS-grad,9.0, Never-married, Unmarried, White, Female,0.0,40.0, <=50K
 ?,378811.25, HS-grad,9.0, Never-married, Own-child, White, Female,0.0,96.707756, <=50K
 Private,101899.12, HS-grad,9.0, Married-civ-spouse, Husband, Black, Male,0.0,40.0, <=50K
 Private,56012.508, Some-college,10.0, Never-married, Unmarried, White, Male,0.0,60.0, <=50K
 Private,153451.53, HS-grad,9.0, Never-married, Own-child, White, Female,0.0,20.0, <=50K
 Private,315595.66, HS-grad,9.0, Married-civ-spouse, Husband, White, Male,0.0,40.0, <=50K
 Self-emp-not-inc,255474.05, HS-grad,9.0, Married-civ-spouse, Husband, White, Male,0.0,40.0, >50K
 Private,328389.84, Bachelors,13.0, Never-married, Own-child, White, Male,0.0,40.0, <=50K
 Private,262275.03, Bachelors,14.0, Married-civ-spouse, Own-child, White, Male,0.0,71.77078, <=50K
 Private,125005.59, HS-grad,9.0, Married-civ-spouse, Husband, White, Male,0.0,15.273562, <=50K
 Private,194321.27, Some-college,10.0, Never-married, Not-in-family, White, Female,0.0,12.0, <=50K
 Private,387319.34, Some-college,10.0, Married-civ-spouse, Husband, White, Male,0.0,99.0, <=50K
 Private,145929.12, Masters,14.0, Married-civ-spouse, Husband, White, Male,0.0,30.0, <=50K
 Private,212787.86, HS-grad,9.0, Never-married, Own-child, White, Male,0.0,40.0, <=50K
 Private,389939.34, HS-grad,9.0, Divorced, Not-in-family, White, Male,0.0,65.63789, <=50K
 Private,129529.336, Some-college,10.0, Married-civ-spouse, Husband, White, Male,0.0,40.0, <=50K
 Self-emp-inc,208177.02, Assoc-acdm,14.0, Married-civ-spouse, Husband, White, Male,0.0,40.0, >50K
 Private,34565.43, Some-college,10.0, Married-civ-spouse, Not-in-family, White, Male,0.0,40.0, <=50K
 Private,103596.47, Bachelors,13.0, Never-married, Own-child, White, Male,0.0,40.0, <=50K
 Private,155358.75, Masters,14.0, Married-civ-spouse, Husband, White, Male,0.0,40.0, >50K
 Private,219401.8, HS-grad,9.0, Married-civ-spouse, Husband, White, Male,0.0,40.0, <=50K
 Private,26883.516, HS-grad,9.0, Married-civ-spouse, Wife, White, Female,0.0,40.0, >50K
 Private,201626.47, HS-grad,9.0, Never-married, Unmarried, White, Male,0.0,60.0, <=50K
 Private,54266.36, Bachelors,13.0, Divorced, Not-in-family, White, Male,0.0,40.0, >50K
 State-gov,103049.49, Masters,14.0, Married-civ-spouse, Wife, White, Female,0.0,40.0, >50K
 Private,124964.55, HS-grad,6.0, Married-civ-spouse, Husband, White, Male,0.0,55.0, >50K
 Private,132646.95, Some-college,10.0, Never-married, Unmarried, White, Female,0.0,40.0, <=50K
 Private,174726.2, HS-grad,9.0, Never-married, Not-in-family, White, Male,0.0,40.0, >50K
 Private,234416.14, Masters,16.0, Married-civ-spouse, Own-child, White, Male,0.0,65.0, >50K
 Private,318602.4, Bachelors,13.0, Divorced, Unmarried, White, Female,0.0,99.0, <=50K
 Private,139249.92, HS-grad,9.0, Married-civ-spouse, Husband, White, Male,0.0,40.0, <=50K
 Self-emp-not-inc,233787.47, HS-grad,9.0, Married-civ-spouse, Husband, White, Male,0.0,70.0, <=50K
 Private,223778.11, Assoc-acdm,11.0, Married-civ-spouse, Husband, White, Male,0.0,40.0, >50K
 Private,113649.1, HS-grad,7.0, Never-married, Not-in-family, White, Male,0.0,40.0, <=50K
 Private,120024.3, Assoc-acdm,11.0, Widowed, Not-in-family, White, Female,0.0,50.0, <=50K
 Private,255757.88, Some-college,9.0, Married-civ-spouse, Husband, White, Male,0.0,60.0, >50K
 Self-emp-not-inc,224069.58, Some-college,10.0, Never-married, Own-child, White, Male,0.0,5.282224, <=50K
 Private,284223.22, Bachelors,14.0, Married-civ-spouse, Own-child, White, Male,0.0,38.0, <=50K
 Private,182769.9, Masters,13.0, Married-civ-spouse, Not-in-family, White, Male,0.0,40.0, >50K
 Private,133879.86, HS-grad,9.0, Never-married, Not-in-family, White, Male,0.0,40.0, <=50K
 Self-emp-inc,147019.5, HS-grad,9.0, Married-civ-spouse, Husband, White, Male,0.0,40.0, <=50K
 Private,202572.3, HS-grad,9.0, Separated, Own-child, White, Female,0.0,40.0, <=50K
 Private,167165.83, 10th,6.0, Never-married, Own-child, White, Female,0.0,3.083835, <=50K
 Private,24696.645, Some-college,10.0, Divorced, Not-in-family, White, Female,0.0,40.0, <=50K
 Private,197899.92, 10th,7.0, Divorced, Unmarried, White, Male,0.0,40.0, >50K
 Self-emp-not-inc,311744.84, HS-grad,9.0, Married-civ-spouse, Husband, White, Male,0.0,75.0, >50K
 Private,194109.98, Bachelors,13.0, Never-married, Not-in-family, White, Female,0.0,40.0, <=50K
 Local-gov,189729.08, Some-college,10.0, Never-married, Own-child, White, Male,0.0,40.0, <=50K
 Private,34361.812, HS-grad,9.0, Divorced, Unmarried, White, Female,0.0,40.0, <=50K
 Private,211069.02, 12th,9.0, Married-civ-spouse, Own-child, White, Female,0.0,25.0, <=50K
 Private,127467.625, 7th-8th,2.0, Married-civ-spouse, Husband, White, Male,0.0,40.0, <=50K
 Private,257019.16, Bachelors,13.0, Married-civ-spouse, Not-in-family, White, Male,0.0,40.0, <=50K
 Private,335871.44, HS-grad,9.0, Never-married, Not-in-family, White, Female,0.0,75.0, <=50K
 Private,194712.47, HS-grad,9.0, Married-civ-spouse, Wife, White, Female,0.0,9.172128, <=50K
 Private,94018.66, 7th-8th,2.0, Married-civ-spouse, Wife, White, Female,0.0,1.0139209, <=50K
 Private,124053.266, HS-grad,9.0, Never-married, Own-child, White, Female,0.0,60.0, <=50K
 Private,323183.6, HS-grad,8.66302, Married-civ-spouse, Wife, White, Female,0.0,40.0, <=50K
 Private,95108.12, HS-grad,9.0, Never-married, Unmarried, White, Male,0.0,12.0, <=50K
 Private,111386.336, Masters,14.0, Married-civ-spouse, Husband, White, Male,0.0,40.0, <=50K
 Self-emp-not-inc,183945.94, Bachelors,13.0, Married-civ-spouse, Not-in-family, White, Male,0.0,1.0025029, >50K
 Private,80283.65, HS-grad,9.0, Married-civ-spouse, Husband, White, Male,0.0,40.0, <=50K
 Private,83551.055, 9th,9.0, Married-civ-spouse, Husband, White, Male,0.0,40.0, <=50K
 State-gov,62961.105, Some-college,10.0, Married-civ-spouse, Husband, White, Male,0.0,97.361206, <=50K
 Private,112118.71, Masters,13.0, Married-civ-spouse, Not-in-family, White, Male,0.0,40.0, >50K
 ?,321803.88, HS-grad,9.0, Married-civ-spouse, Husband, White, Male,0.0,40.0, <=50K
 Private,215160.66, HS-grad,9.0, Divorced, Own-child, White, Female,0.0,40.0, <=50K
 Private,413777.47, Bachelors,13.0, Never-married, Not-in-family, White, Female,0.0,40.0, <=50K
 Private,210219.23, Some-college,10.0, Never-married, Own-child, Black, Female,0.0,40.0, <=50K
 Private,328997.84, Some-college,10.0, Never-married, Unmarried, White, Female,0.0,20.0, <=50K
 Private,142752.5, HS-grad,9.0, Divorced, Not-in-family, White, Male,0.0,40.0, >50K
 Private,73824.73, Some-college,10.0, Divorced, Unmarried, White, Female,0.0,40.0, <=50K
 Private,148405.62, HS-grad,9.0, Married-civ-spouse, Husband, White, Male,0.0,40.0, <=50K
 Private,148346.81, HS-grad,9.0, Married-civ-spouse, Husband, White, Male,0.0,40.0, >50K
 Private,199301.73, Bachelors,6.0, Never-married, Unmarried, White, Female,0.0,40.0, <=50K
 State-gov,134080.8, Bachelors,13.0, Never-married, Not-in-family, White, Male,0.0,1.203416, <=50K
 Local-gov,99189.78, Masters,14.0, Married-civ-spouse, Not-in-family, White, Male,0.0,1.0001147, <=50K
 Private,317277.12, 12th,5.0, Married-civ-spouse, Not-in-family, White, Male,0.0,50.0, <=50K
 Private,153894.8, 7th-8th,3.0, Married-civ-spouse, Wife, White, Female,0.0,20.0, <=50K
 Private,372918.75, Assoc-voc,1.5604866, Married-civ-spouse, Husband, White, Male,0.0,40.0, <=50K
 Private,356583.47, Some-college,10.0, Never-married, Other-relative, White, Male,0.0,40.0, <=50K
 Private,180423.02, HS-grad,9.0, Married-civ-spouse, Husband, White, Male,0.0,40.0, <=50K
 Private,427536.03, Bachelors,13.0, Married-civ-spouse, Husband, White, Male,0.0,40.0, <=50K
 Private,32687.924, Masters,14.0, Married-civ-spouse, Husband, White, Male,0.0,15.0, <=50K
 Private,249847.16, Some-college,10.0, Married-civ-spouse, Husband, White, Male,0.0,40.0, <=50K
 Private,108447.82, HS-grad,9.0, Divorced, Unmarried, Black, Male,0.0,40.0, <=50K
 Private,38348.867, Some-college,10.0, Married-civ-spouse, Husband, White, Male,0.0,99.0, >50K
 Private,259769.67, Bachelors,13.0, Never-married, Own-child, Black, Female,0.0,40.0, <=50K
 Private,129832.305, HS-grad,6.0, Never-married, Not-in-family, White, Male,0.0,45.0, <=50K
 Federal-gov,434301.38, Bachelors,13.0, Never-married, Other-relative, White, Male,0.0,40.0, <=50K
 Private,33212.08, Bachelors,9.0, Married-civ-spouse, Husband, White, Male,0.0,37.0, >50K
 Private,138890.58, HS-grad,10.0, Divorced, Unmarried, White, Male,0.0,40.0, <=50K
 Self-emp-not-inc,15823.697, Masters,14.0, Widowed, Not-in-family, Black, Female,0.0,60.0, <=50K
 Private,109241.24, Prof-school,14.0, Married-civ-spouse, Husband, White, Female,0.0,40.0, <=50K
 Private,33908.594, HS-grad,9.0, Divorced, Unmarried, White, Female,0.0,40.0, >50K
 Private,349864.66, Assoc-acdm,12.0, Married-civ-spouse, Husband, White, Male,0.0,40.0, >50K
 Private,23850.463, HS-grad,9.0, Never-married, Not-in-family, Asian-Pac-Islander, Male,0.0,40.0, <=50K
 Private,167081.34, Some-college,10.0, Never-married, Not-in-family, White, Male,0.0,40.0, <=50K
 Private,483793.12, HS-grad,9.0, Never-married, Not-in-family, White, Male,0.0,40.0, >50K
 Private,33335.727, Some-college,10.0, Married-civ-spouse, Husband, White, Male,0.0,40.0, >50K
 Private,22117.453, HS-grad,9.0, Married-civ-spouse, Husband, White, Male,0.0,40.0, <=50K
 Private,167527.45, 12th,3.0, Never-married, Own-child, Amer-Indian-Eskimo, Male,0.0,35.0, <=50K
 Private,57003.27, HS-grad,4.0, Never-married, Own-child, White, Male,0.0,40.0, <=50K
 Private,336230.66, Some-college,10.0, Married-civ-spouse, Husband, White, Male,0.0,1.1635479, <=50K
 Private,402052.2, Bachelors,14.0, Never-married, Own-child, White, Male,0.0,45.0, <=50K
 State-gov,197550.17, Bachelors,13.0, Married-civ-spouse, Husband, White, Male,0.0,52.0, >50K
 Private,54284.97, Some-college,10.0, Married-civ-spouse, Husband, White, Male,0.0,40.0, <=50K
 Private,57115.453, HS-grad,9.0, Married-civ-spouse, Husband, White, Male,0.0,40.0, <=50K
 Private,294018.3, HS-grad,9.0, Married-civ-spouse, Not-in-family, White, Male,0.0,40.0, <=50K
 Private,105557.73, HS-grad,9.0, Married-civ-spouse, Wife, White, Male,0.0,40.0, <=50K
 Private,40934.582, HS-grad,9.0, Married-civ-spouse, Unmarried, White, Male,0.0,40.0, <=50K
 Private,32163.105, Some-college,10.0, Never-married, Unmarried, White, Male,0.0,99.0, <=50K
 Private,148950.69, Some-college,10.0, Never-married, Own-child, White, Female,0.0,40.0, <=50K
 Private,158347.05, Some-college,13.0, Married-civ-spouse, Not-in-family, White, Female,0.0,40.0, <=50K
 Private,451118.12, 10th,16.0, Never-married, Not-in-family, White, Male,0.0,60.0, <=50K
 Private,243648.4, 7th-8th,3.0, Married-civ-spouse, Husband, White, Male,0.0,40.0, <=50K
 Private,657380.5, HS-grad,9.0, Never-married, Unmarried, White, Male,0.0,40.0, <=50K
 Private,255514.17, 12th,6.0, Never-married, Not-in-family, White, Male,0.0,40.0, <=50K
 Self-emp-not-inc,368744.9, Bachelors,13.0, Married-civ-spouse, Husband, White, Male,0.0,70.0, >50K
 ?,62629.938, Some-college,10.0, Married-civ-spouse, Husband, White, Male,0.0,1.0002295, <=50K
 Private,205738.28, Bachelors,13.0, Widowed, Not-in-family, White, Male,0.0,2.9877555, <=50K
 Private,182377.03, HS-grad,9.0, Never-married, Own-child, White, Male,0.0,20.0, <=50K
 Private,177951.89, 7th-8th,10.0, Divorced, Not-in-family, White, Male,0.0,56.0, <=50K
 ?,255549.14, Bachelors,13.0, Divorced, Not-in-family, White, Female,0.0,40.0, <=50K
